{"type":"FeatureCollection", "features": [
{"type":"Feature","geometry":{"type":"Polygon","coordinates":[[[47.123,48.2685],[47.103,48.2105],[47.1133,48.1756],[47.1248,48.1581],[47.0909,48.1032],[47.2111,48.0822],[47.2005,48.0549],[47.1588,48.0611],[47.1486,48.0364],[47.0499,47.9978],[47.1008,47.9278],[47.181,47.8539],[47.1218,47.8317],[47.1944,47.7608],[47.3852,47.6813],[47.4119,47.7633],[47.4153,47.8383],[47.6523,47.758],[47.8664,47.7555],[47.9626,47.7515],[48.0282,47.763],[48.1117,47.7449],[48.2094,47.6916],[48.3189,47.5514],[48.3953,47.476],[48.4516,47.4117],[48.5194,47.4118],[48.7102,47.0958],[48.9153,46.8806],[48.996,46.7431],[48.92,46.6934],[48.7506,46.6855],[48.7133,46.7209],[48.6738,46.7208],[48.6439,46.731],[48.6284,46.708],[48.6002,46.7144],[48.5487,46.7111],[48.5437,46.6919],[48.5072,46.6758],[48.4779,46.6706],[48.5183,46.6496],[48.5603,46.6419],[48.5519,46.6182],[48.5737,46.6065],[48.545,46.5633],[48.5961,46.5573],[48.629,46.5617],[48.6682,46.5558],[48.7024,46.5631],[48.7482,46.5503],[48.769,46.5392],[48.788,46.5409],[48.7919,46.5184],[48.8197,46.4854],[48.8381,46.4774],[48.8787,46.4816],[48.912,46.4507],[48.9481,46.4373],[49.0018,46.4276],[49.0261,46.4148],[49.0449,46.3966],[49.1045,46.385],[49.1239,46.3899],[49.1627,46.3836],[49.1927,46.3689],[49.2626,46.2942],[49.5067,46.1933],[49.545,46.18],[49.6,46.1767],[49.7017,46.1867],[49.7317,46.1567],[49.7783,46.1183],[49.8861,46.0458],[49.9673,46.081],[49.9994,46.1045],[50.0209,46.129],[50.0365,46.1615],[50.056,46.2286],[50.0861,46.4326],[50.1468,46.4773],[50.3301,46.5507],[50.6367,46.6509],[50.6985,46.6737],[50.8125,46.7305],[51.1472,46.8096],[51.1997,46.8274],[51.2385,46.85],[51.263,46.8497],[51.3854,46.8393],[51.4489,46.6987],[51.4704,46.6661],[51.5105,46.6337],[51.5666,46.6102],[51.6043,46.6026],[51.7191,46.5875],[51.775,46.5856],[51.8381,46.5947],[52.1321,46.6404],[52.2053,46.6223],[52.2583,46.6135],[52.3157,46.6125],[52.364,46.6197],[52.4352,46.645],[52.6521,46.7067],[52.7985,46.6054],[52.741,46.4226],[52.7364,46.3929],[52.7403,46.366],[52.7838,46.216],[52.7515,46.0957],[52.6754,45.8113],[52.8834,45.7743],[52.958,45.7556],[53.1589,45.7459],[53.1877,45.8131],[53.3174,45.8008],[53.41,45.8137],[53.6478,45.8989],[53.7236,45.9403],[53.7736,45.9863],[53.6772,45.9866],[53.6845,46.0189],[53.8953,46.1273],[53.9686,46.1924],[53.9717,46.2461],[53.9987,46.2466],[54.0779,46.241],[54.1037,46.2529],[54.2452,46.2492],[54.3077,46.257],[54.4737,46.2924],[54.5047,46.301],[54.5309,46.2958],[54.6928,46.3231],[54.7948,46.3511],[54.8326,46.3635],[54.9714,46.3683],[54.9987,46.3743],[55.0896,46.3795],[55.2705,46.3674],[55.4879,46.5201],[55.5231,46.488],[55.6031,46.4208],[55.6284,46.4156],[55.6583,46.4215],[55.698,46.3997],[55.7186,46.4086],[55.7763,46.4052],[55.8043,46.4078],[55.8258,46.3943],[55.8311,46.3646],[55.8251,46.3485],[55.8573,46.3132],[55.859,46.3034],[55.8197,46.2762],[55.8268,46.254],[55.9039,46.241],[55.9576,46.2592],[55.9731,46.2484],[55.9815,46.2105],[56.0222,46.2159],[56.0448,46.2115],[56.1217,46.1545],[56.1971,46.1386],[56.2713,46.1515],[56.3509,46.1458],[56.3699,46.1346],[56.4367,46.1348],[56.4666,46.1322],[56.4718,46.1491],[56.4648,46.1763],[56.4424,46.203],[56.4406,46.2403],[56.4106,46.2783],[56.3887,46.2925],[56.3156,46.3761],[56.2875,46.5134],[55.9531,46.593],[55.7382,46.6289],[55.4504,46.726],[55.2329,46.8738],[55.1945,46.9516],[55.1248,47.0304],[55.1198,47.0643],[55.002,47.2024],[55.0112,47.2811],[55.0205,47.3236],[55.0258,47.3744],[55.0412,47.4307],[55.0682,47.4539],[55.0714,47.4758],[55.0686,47.5418],[55.0743,47.5545],[55.0658,47.5893],[55.0919,47.7268],[55.1218,47.785],[55.1111,47.8248],[55.1051,47.8647],[55.0991,47.9563],[55.0631,48],[54.991,48.0604],[54.9386,48.0972],[54.9546,48.1676],[54.9455,48.1925],[54.9475,48.24],[54.9707,48.2705],[54.9193,48.3065],[54.8792,48.3653],[54.8967,48.4644],[54.904,48.4834],[54.9187,48.5546],[54.9287,48.5748],[54.9228,48.6524],[54.9123,48.7094],[54.7491,48.745],[54.7382,48.7745],[54.6839,48.8004],[54.6528,48.798],[54.6379,48.7716],[54.5788,48.7793],[54.5814,48.7255],[54.542,48.6401],[54.4603,48.6419],[54.4503,48.6525],[54.3552,48.6791],[54.3177,48.6971],[54.2845,48.7071],[54.1761,48.7243],[54.1551,48.7355],[54.027,48.7628],[54.0435,48.8074],[54.0118,48.8819],[54.0243,48.9568],[53.9906,49.0035],[54.0113,49.0508],[53.9898,49.0936],[53.9903,49.128],[53.9965,49.15],[53.9876,49.1744],[53.9054,49.1624],[53.8923,49.1162],[53.8696,49.0986],[53.8137,49.1239],[53.8268,49.1429],[53.7443,49.158],[53.6878,49.178],[53.6505,49.1981],[53.6257,49.2328],[53.57,49.1916],[53.4632,49.1399],[53.3851,49.0992],[53.4034,49.0883],[53.4221,49.0615],[53.4117,49.0521],[53.3062,49.025],[53.2603,49.0169],[53.1066,49.0219],[52.9364,49.0301],[52.8256,49.0476],[52.8013,49.0201],[52.7837,48.9791],[52.7075,48.9959],[52.7136,48.9112],[52.7149,48.7599],[52.6968,48.753],[52.6421,48.7491],[52.6096,48.7612],[52.5875,48.7124],[52.557,48.6649],[52.5582,48.6578],[52.5324,48.5924],[52.5439,48.5463],[52.556,48.5139],[52.5012,48.5059],[52.4406,48.4931],[52.379,48.4955],[52.2664,48.5245],[52.2061,48.5587],[52.1312,48.5821],[52.0848,48.5708],[52.0609,48.5512],[51.8831,48.5606],[51.8465,48.5708],[51.7728,48.5762],[51.7692,48.598],[51.7885,48.6232],[51.8188,48.6483],[51.8063,48.6824],[51.7878,48.6791],[51.714,48.6997],[51.6492,48.7147],[51.5633,48.7235],[51.4366,48.727],[51.3612,48.7204],[51.2617,48.719],[51.2096,48.7018],[51.1069,48.6795],[51.0357,48.6884],[50.9985,48.6343],[50.9903,48.5871],[50.9148,48.5439],[50.8694,48.5357],[50.7811,48.4948],[50.7356,48.4846],[50.7021,48.467],[50.4636,48.3738],[50.2259,48.2808],[50.001,48.1089],[49.9685,48.0826],[49.8717,48.0928],[49.7884,48.091],[49.7326,48.0646],[49.6307,48.0643],[49.5113,48.0561],[49.4138,48.0434],[49.4249,47.9875],[49.4649,47.9481],[49.2933,47.9767],[49.0864,48.0323],[48.9469,48.0679],[48.8674,48.0895],[48.7419,48.0975],[48.5508,48.1133],[48.4071,48.1279],[48.2836,48.1461],[48.1226,48.1665],[47.9987,48.1843],[47.9686,48.1856],[47.8345,48.2078],[47.7614,48.2129],[47.5983,48.2182],[47.4383,48.238],[47.3307,48.2472],[47.2015,48.2518],[47.123,48.2685]]]},"properties":{"osm_id":"relation/214834","iso":"KZ-23","admin_level":4,"name_kk":"Атырау облысы","name_ru":"Атырауская область","name_en":"Atyrau Region","kind":"region"}},
{"type":"Feature","geometry":{"type":"Polygon","coordinates":[[[53.6257,49.2328],[53.6215,49.2548],[53.6303,49.3033],[53.6442,49.3318],[53.6583,49.4142],[53.6876,49.4676],[53.6228,49.4806],[53.6109,49.5291],[53.6565,49.5272],[53.6924,49.5111],[53.7162,49.5098],[53.7498,49.5775],[53.7826,49.5786],[53.7982,49.5933],[53.826,49.6008],[53.8395,49.5937],[53.8836,49.5997],[53.9127,49.588],[53.9394,49.5948],[53.9874,49.5862],[54.0033,49.5943],[54.052,49.6059],[54.2598,49.5786],[54.2675,49.5882],[54.361,49.6251],[54.3205,49.6624],[54.3547,49.6765],[54.3662,49.674],[54.397,49.7144],[54.4058,49.7367],[54.4826,49.7355],[54.5133,49.7398],[54.4771,49.8209],[54.5239,49.8905],[54.5411,49.9049],[54.5461,49.9335],[54.5814,50.0083],[54.5713,50.036],[54.4955,50.0657],[54.4666,50.1015],[54.4337,50.1007],[54.4331,50.185],[54.4464,50.2199],[54.4237,50.2845],[54.4,50.3052],[54.364,50.3197],[54.4639,50.4028],[54.458,50.4153],[54.5,50.4662],[54.5652,50.5165],[54.5448,50.5277],[54.4662,50.5666],[54.4136,50.6207],[54.4378,50.6615],[54.4404,50.6863],[54.4636,50.7322],[54.4736,50.7784],[54.5184,50.8119],[54.5287,50.8301],[54.5182,50.8546],[54.4524,50.8512],[54.4412,50.8786],[54.4234,50.8759],[54.358,50.8854],[54.3379,50.9037],[54.3191,50.8993],[54.288,50.9023],[54.2812,50.9243],[54.2811,50.9533],[54.2304,50.9539],[54.2073,50.9602],[54.1899,50.9749],[54.2048,50.9857],[54.1602,51.0127],[54.1946,51.0304],[54.1697,51.0459],[54.1513,51.0725],[54.1496,51.0912],[54.137,51.1082],[54.1026,51.1184],[54.0736,51.121],[54.0359,51.1426],[54.0278,51.1621],[54.0126,51.1599],[53.9341,51.1856],[53.8904,51.1863],[53.8915,51.1972],[53.8587,51.1995],[53.838,51.1924],[53.8131,51.2039],[53.8099,51.2138],[53.7824,51.214],[53.7418,51.205],[53.7121,51.2272],[53.663,51.2302],[53.649,51.2618],[53.6173,51.2792],[53.5958,51.3057],[53.6208,51.3424],[53.5953,51.3554],[53.6097,51.3712],[53.6359,51.3759],[53.6271,51.3903],[53.5996,51.3952],[53.5683,51.4334],[53.5534,51.4259],[53.5171,51.4351],[53.496,51.4313],[53.4812,51.4432],[53.4409,51.4374],[53.4374,51.459],[53.4212,51.4811],[53.3924,51.4912],[53.3385,51.4904],[53.3404,51.5052],[53.3222,51.5095],[53.2605,51.4909],[53.255,51.5119],[53.2183,51.5103],[53.1996,51.5034],[53.1731,51.5196],[53.1401,51.5175],[53.1558,51.4869],[53.1221,51.4912],[53.0943,51.4885],[53.0805,51.5022],[53.0049,51.4733],[52.9669,51.4844],[52.9366,51.4812],[52.9112,51.4963],[52.9043,51.4775],[52.8604,51.4915],[52.8451,51.5036],[52.8258,51.4993],[52.7718,51.5035],[52.7448,51.4853],[52.7203,51.4859],[52.6981,51.4778],[52.6477,51.4885],[52.6053,51.4564],[52.5813,51.4765],[52.5654,51.4636],[52.5464,51.4928],[52.5049,51.5059],[52.5088,51.5226],[52.4971,51.5483],[52.4504,51.6233],[52.4161,51.6401],[52.3844,51.6832],[52.3802,51.7179],[52.3628,51.7725],[52.3195,51.7663],[52.3348,51.7432],[52.2387,51.7238],[52.2334,51.7358],[52.1816,51.7334],[52.1746,51.6875],[52.1617,51.6866],[52.0901,51.6584],[52.0747,51.674],[52.059,51.6682],[51.999,51.6672],[51.9996,51.6834],[51.8941,51.6834],[51.8941,51.6742],[51.8566,51.6738],[51.8647,51.6608],[51.8234,51.6357],[51.8171,51.624],[51.7852,51.6017],[51.7927,51.5878],[51.7705,51.5832],[51.8136,51.497],[51.7307,51.4808],[51.7387,51.4652],[51.6558,51.4486],[51.6408,51.4767],[51.6429,51.5014],[51.6571,51.5051],[51.64,51.5385],[51.6128,51.5334],[51.6041,51.5508],[51.5768,51.5455],[51.5851,51.5284],[51.5569,51.5231],[51.5661,51.5058],[51.4657,51.4854],[51.4315,51.4749],[51.3802,51.4762],[51.38,51.4858],[51.2865,51.4878],[51.2856,51.5319],[51.2477,51.5252],[51.2404,51.5631],[51.3803,51.5634],[51.3802,51.6412],[51.3037,51.6411],[51.2721,51.6849],[51.2151,51.6821],[51.2038,51.6674],[51.1271,51.6761],[51.0846,51.6664],[51.0432,51.683],[51.011,51.6733],[50.958,51.68],[50.8936,51.6814],[50.8714,51.7535],[50.7682,51.773],[50.7682,51.7147],[50.7874,51.6848],[50.8326,51.6492],[50.8126,51.6492],[50.812,51.585],[50.7667,51.5856],[50.7677,51.5748],[50.6789,51.5745],[50.6821,51.5857],[50.7339,51.6062],[50.7317,51.6285],[50.636,51.6292],[50.625,51.6468],[50.5852,51.6458],[50.5867,51.5906],[50.5377,51.589],[50.5378,51.5101],[50.5554,51.4892],[50.5469,51.465],[50.498,51.4659],[50.4969,51.4277],[50.3718,51.4278],[50.4038,51.4043],[50.3382,51.382],[50.3731,51.3326],[50.2446,51.281],[50.0383,51.251],[50.0069,51.2429],[49.911,51.201],[49.8477,51.1546],[49.7762,51.1072],[49.5544,51.11],[49.4903,51.0985],[49.4547,51.1256],[49.4304,51.0899],[49.3928,51.0901],[49.3964,51.0489],[49.3385,50.9871],[49.3746,50.981],[49.4081,50.961],[49.4152,50.9338],[49.4293,50.92],[49.4283,50.9063],[49.4427,50.8941],[49.4416,50.8701],[49.4199,50.8489],[49.2623,50.823],[49.2172,50.799],[49.1262,50.7846],[49.1052,50.7691],[49.0093,50.6822],[48.9993,50.6875],[48.954,50.651],[48.8147,50.5955],[48.7786,50.6072],[48.7385,50.61],[48.7313,50.6043],[48.6892,50.6123],[48.6489,50.6451],[48.6062,50.6619],[48.5706,50.6324],[48.601,50.6139],[48.6518,50.6015],[48.649,50.5856],[48.666,50.5725],[48.656,50.5567],[48.6589,50.5278],[48.6783,50.4606],[48.7324,50.2572],[48.7942,50.2049],[48.809,50.1704],[48.7637,50.0979],[48.822,50.0962],[48.848,50.0913],[48.8634,50.0778],[48.8648,50.0579],[48.8814,50.03],[48.9034,50.0184],[48.7878,49.9487],[48.7456,49.9213],[48.659,49.8971],[48.5014,49.8479],[48.4503,49.8351],[48.4421,49.8018],[48.4088,49.8203],[48.3946,49.8363],[48.3595,49.8248],[48.3425,49.8494],[48.3248,49.8536],[48.3131,49.8728],[48.2925,49.8598],[48.2693,49.8602],[48.2263,49.8787],[48.235,49.8947],[48.1929,49.9436],[48.1615,49.9563],[48.1569,49.9798],[48.1332,49.9968],[48.1239,50.0526],[48.1143,50.0594],[48.1088,50.0849],[48.0962,50.0993],[48.0474,50.1128],[48.0504,50.1264],[48.0092,50.1423],[47.9876,50.186],[47.9668,50.1947],[47.9504,50.2136],[47.9521,50.2276],[47.9328,50.2477],[47.8858,50.2687],[47.851,50.3035],[47.8227,50.3121],[47.8286,50.3296],[47.7657,50.3395],[47.7463,50.3541],[47.7439,50.3777],[47.7023,50.391],[47.6637,50.4084],[47.6622,50.4169],[47.6308,50.4436],[47.637,50.4556],[47.6112,50.4643],[47.542,50.4608],[47.5078,50.4341],[47.473,50.4203],[47.4187,50.3651],[47.4074,50.3375],[47.339,50.3292],[47.3054,50.3039],[47.292,50.2837],[47.302,50.2621],[47.3351,50.238],[47.2573,50.1918],[47.3176,50.152],[47.3534,50.0943],[47.1825,49.935],[46.9574,49.8713],[46.9295,49.8747],[46.9026,49.8638],[46.8702,49.743],[46.8579,49.6436],[46.8443,49.6065],[46.8389,49.5657],[46.8293,49.5656],[46.8059,49.4293],[46.7822,49.3399],[46.8376,49.3194],[46.9146,49.2829],[46.9962,49.2324],[47.0513,49.1656],[47.0287,49.0892],[46.972,49.0273],[46.8926,48.9821],[46.7917,48.9519],[46.7792,48.9514],[46.622,48.6677],[46.4932,48.4326],[46.6459,48.3851],[46.6776,48.3905],[46.7476,48.3535],[46.8893,48.3277],[47.123,48.2685],[47.2015,48.2518],[47.3307,48.2472],[47.4383,48.238],[47.5983,48.2182],[47.7614,48.2129],[47.8345,48.2078],[47.9686,48.1856],[47.9987,48.1843],[48.1226,48.1665],[48.2836,48.1461],[48.4071,48.1279],[48.5508,48.1133],[48.7419,48.0975],[48.8674,48.0895],[48.9469,48.0679],[49.0864,48.0323],[49.2933,47.9767],[49.4649,47.9481],[49.4249,47.9875],[49.4138,48.0434],[49.5113,48.0561],[49.6307,48.0643],[49.7326,48.0646],[49.7884,48.091],[49.8717,48.0928],[49.9685,48.0826],[50.001,48.1089],[50.2259,48.2808],[50.4636,48.3738],[50.7021,48.467],[50.7356,48.4846],[50.7811,48.4948],[50.8694,48.5357],[50.9148,48.5439],[50.9903,48.5871],[50.9985,48.6343],[51.0357,48.6884],[51.1069,48.6795],[51.2096,48.7018],[51.2617,48.719],[51.3612,48.7204],[51.4366,48.727],[51.5633,48.7235],[51.6492,48.7147],[51.714,48.6997],[51.7878,48.6791],[51.8063,48.6824],[51.8188,48.6483],[51.7885,48.6232],[51.7692,48.598],[51.7728,48.5762],[51.8465,48.5708],[51.8831,48.5606],[52.0609,48.5512],[52.0848,48.5708],[52.1312,48.5821],[52.2061,48.5587],[52.2664,48.5245],[52.379,48.4955],[52.4406,48.4931],[52.5012,48.5059],[52.556,48.5139],[52.5439,48.5463],[52.5324,48.5924],[52.5582,48.6578],[52.557,48.6649],[52.5875,48.7124],[52.6096,48.7612],[52.6421,48.7491],[52.6968,48.753],[52.7149,48.7599],[52.7136,48.9112],[52.7075,48.9959],[52.7837,48.9791],[52.8013,49.0201],[52.8256,49.0476],[52.9364,49.0301],[53.1066,49.0219],[53.2603,49.0169],[53.3062,49.025],[53.4117,49.0521],[53.4221,49.0615],[53.4034,49.0883],[53.3851,49.0992],[53.4632,49.1399],[53.57,49.1916],[53.6257,49.2328]]]},"properties":{"osm_id":"relation/215441","iso":"KZ-27","admin_level":4,"name_kk":"Батыс Қазақстан облысы","name_ru":"Западно-Казахстанская область","name_en":"West Kazakhstan Region","kind":"region"}},
{"type":"Feature","geometry":{"type":"Polygon","coordinates":[[[56.4666,46.1322],[56.5165,46.0974],[56.5525,46.0059],[56.5598,46.0001],[56.6058,45.9261],[56.6448,45.6669],[56.6594,45.6529],[56.69,45.4821],[56.7441,45.1774],[57.0181,45.2412],[57.449,45.3395],[57.6863,45.3931],[58.1718,45.5005],[58.5879,45.5907],[58.9903,45.3694],[59.0973,45.3218],[59.0638,45.6666],[59.0306,46.007],[59.1118,46.053],[59.294,46.2357],[59.4738,46.4136],[59.4998,46.4422],[59.5614,46.5],[59.7693,46.6625],[60.0132,46.8154],[60.1296,46.8949],[60.1642,46.8992],[60.3273,46.9132],[60.4744,46.9108],[60.4844,47.0018],[60.495,47.1218],[60.5313,47.1167],[60.7025,47.1041],[60.9235,47.1103],[61.001,47.2347],[61.3142,47.7901],[61.3598,47.8188],[61.9249,47.8277],[62.0758,47.7233],[62.2125,47.5456],[62.3326,47.5311],[62.6057,47.3284],[62.5812,47.2423],[62.5871,47.2409],[62.8602,47.2147],[62.8901,47.1773],[62.9501,47.1908],[62.9993,47.2198],[63.1457,47.2965],[63.2037,47.3333],[63.2255,47.3607],[63.5265,47.4808],[63.8334,47.6282],[63.8446,47.6382],[63.9659,47.6928],[64.0147,47.7032],[64.2772,47.8995],[64.2154,47.9241],[64.1201,48.0023],[64.0161,48.1703],[63.903,48.2975],[63.8445,48.3855],[63.7708,48.454],[63.5857,48.5343],[63.4646,48.565],[63.4168,48.6018],[63.0787,48.6824],[63.076,48.6971],[63.0493,48.7581],[63.1255,48.8356],[63.1302,48.8634],[63.0204,48.9294],[62.9714,48.9033],[62.9532,48.8899],[62.8454,48.8488],[62.7898,48.8857],[62.7846,48.8924],[62.7278,48.926],[62.6347,48.9754],[62.5842,48.9943],[62.5488,49.0181],[62.4906,49.1239],[62.4458,49.1982],[62.3965,49.1973],[62.3614,49.2008],[62.3761,49.2356],[62.4963,49.2438],[62.5213,49.2376],[62.5475,49.2533],[62.4507,49.372],[62.3386,49.4775],[62.3048,49.4973],[62.3673,49.5778],[62.4337,49.557],[62.4732,49.5621],[62.4508,49.5802],[62.4521,49.625],[62.438,49.6837],[62.4838,49.7005],[62.5551,49.7353],[62.5963,49.8065],[62.5937,49.8436],[62.5987,49.8625],[62.6377,49.8854],[62.6583,49.9085],[62.7396,49.9402],[62.7907,49.9369],[62.8965,49.8827],[62.9304,49.8849],[62.9301,49.9077],[62.9148,49.9156],[62.9205,49.9402],[62.9485,49.9551],[62.9415,49.9813],[62.9444,50.0046],[62.8943,50.0408],[62.8809,50.0619],[62.8859,50.0887],[62.8508,50.1113],[62.8465,50.129],[62.8233,50.1503],[62.8161,50.1652],[62.7821,50.1773],[62.7844,50.1932],[62.7586,50.1962],[62.7285,50.2334],[62.7365,50.2595],[62.7089,50.29],[62.6678,50.3098],[62.6672,50.3251],[62.6395,50.3499],[62.6428,50.3767],[62.6286,50.3903],[62.5761,50.4074],[62.5597,50.4229],[62.5374,50.4588],[62.5101,50.474],[62.501,50.5008],[62.5285,50.5156],[62.4946,50.5562],[62.497,50.5907],[62.4398,50.6887],[62.3588,50.6642],[62.2669,50.6415],[62.2295,50.676],[62.2765,50.7218],[62.2633,50.7561],[62.2357,50.7856],[62.2218,50.8136],[62.2765,50.8016],[62.3115,50.8414],[62.4303,50.8528],[62.2567,50.9638],[62.2286,50.9784],[62.2085,51.013],[62.2756,51.0412],[62.283,51.0802],[62.1811,51.1294],[62.1312,51.1388],[62.1042,51.1289],[62.081,51.1113],[62.0733,51.0731],[61.9947,51.0893],[61.9977,51.1084],[61.9519,51.1412],[61.9421,51.1609],[61.9137,51.2625],[61.9041,51.2744],[61.8522,51.3171],[61.7871,51.2691],[61.6898,51.256],[61.5681,51.2378],[61.5036,51.0103],[61.4859,50.9587],[61.449,50.8061],[61.1236,50.7312],[60.809,50.6566],[60.7408,50.6655],[60.7001,50.6661],[60.5574,50.6611],[60.4868,50.6658],[60.4599,50.6647],[60.3252,50.6703],[60.1828,50.7784],[60.2166,50.8127],[60.1879,50.8386],[60.146,50.84],[60.1364,50.8311],[60.0715,50.8221],[60.0149,50.8221],[59.9727,50.7687],[59.9975,50.6748],[59.9609,50.6609],[59.9098,50.6363],[59.862,50.5989],[59.8132,50.5355],[59.7761,50.541],[59.6153,50.5308],[59.5095,50.4953],[59.5167,50.5283],[59.4574,50.5434],[59.4674,50.5696],[59.4629,50.5843],[59.5688,50.5735],[59.5368,50.609],[59.5026,50.6122],[59.4793,50.6415],[59.451,50.6456],[59.418,50.6367],[59.2984,50.653],[59.2786,50.6336],[59.2342,50.6642],[59.1931,50.6727],[59.1617,50.6681],[59.1139,50.6831],[59.0886,50.6771],[59.0419,50.6898],[58.9109,50.6955],[58.8743,50.6998],[58.8463,50.7342],[58.8454,50.7569],[58.8173,50.7686],[58.7744,50.8147],[58.6564,50.8086],[58.6636,50.8416],[58.6965,50.8482],[58.6882,50.8856],[58.6368,50.8801],[58.5936,50.8693],[58.5786,50.9398],[58.6045,50.9469],[58.5942,50.9714],[58.6423,50.9875],[58.6125,51.0268],[58.6142,51.0474],[58.5765,51.0559],[58.5206,51.0849],[58.487,51.0913],[58.4623,51.0802],[58.384,51.0749],[58.3734,51.1106],[58.342,51.1282],[58.3405,51.1457],[58.321,51.1623],[58.3017,51.1525],[58.2058,51.1294],[58.2182,51.1108],[58.2077,51.0885],[58.1737,51.0859],[58.1772,51.066],[58.1027,51.0701],[58.081,51.0844],[58.0909,51.1082],[58.0737,51.1229],[58.0353,51.1094],[58.0205,51.095],[57.9386,51.0911],[57.9201,51.1177],[57.887,51.1103],[57.8669,51.0994],[57.8292,51.1132],[57.8067,51.1393],[57.7719,51.1384],[57.754,51.0558],[57.7552,50.9698],[57.7514,50.9397],[57.7356,50.9277],[57.7109,50.9259],[57.5591,50.9359],[57.5272,50.9164],[57.5121,50.8785],[57.4709,50.8802],[57.415,50.8965],[57.3609,50.927],[57.3237,50.9446],[57.3282,50.9513],[57.3148,50.9878],[57.289,51.0101],[57.2834,51.0329],[57.2462,51.0262],[57.2325,51.047],[57.2055,51.0731],[57.1848,51.115],[57.1441,51.0991],[57.1463,51.0877],[57.0577,51.0696],[56.9844,51.0626],[56.9428,51.0875],[56.8875,51.0603],[56.859,51.0733],[56.7802,51.0938],[56.7361,51.078],[56.6997,51.075],[56.7121,51.0483],[56.7508,50.982],[56.7102,50.9708],[56.6778,50.9881],[56.6338,50.9853],[56.6204,50.992],[56.5802,51.0294],[56.5379,51.0488],[56.5272,51.0718],[56.51,51.0798],[56.4482,51.0569],[56.4604,50.9651],[56.3769,50.9654],[56.3717,50.9487],[56.3925,50.9455],[56.3613,50.9013],[56.2981,50.9019],[56.2473,50.9137],[56.1813,50.9381],[56.1752,50.9031],[56.1572,50.8798],[56.133,50.8306],[56.1245,50.7868],[56.1372,50.7536],[56.0545,50.6948],[56.0004,50.6703],[55.9823,50.667],[55.9159,50.6414],[55.9012,50.6207],[55.8682,50.626],[55.83,50.6228],[55.7951,50.6067],[55.7774,50.5874],[55.7463,50.5793],[55.7362,50.5503],[55.6614,50.5602],[55.6189,50.5822],[55.6114,50.5985],[55.563,50.604],[55.5341,50.6135],[55.5315,50.6484],[55.5026,50.6699],[55.4029,50.6814],[55.3837,50.6536],[55.1464,50.7968],[55.0562,50.8194],[55.1295,50.8796],[55.1265,50.8987],[55.0726,50.924],[55.0271,50.9158],[55.0099,50.9053],[54.9554,50.9076],[54.8939,50.9201],[54.9032,50.9376],[54.898,50.9578],[54.8385,50.979],[54.7915,50.9853],[54.7408,51.0163],[54.7265,51.0405],[54.7068,51.0388],[54.6895,51.0157],[54.6691,51.0258],[54.6132,51.0194],[54.6016,51.0298],[54.5745,51.0207],[54.5816,51.009],[54.5478,51.0006],[54.5809,50.9744],[54.5758,50.9494],[54.5563,50.928],[54.5662,50.9155],[54.6176,50.9246],[54.6578,50.915],[54.6976,50.8927],[54.6832,50.8341],[54.6571,50.8233],[54.6849,50.7805],[54.6784,50.7178],[54.7181,50.6901],[54.7094,50.6699],[54.719,50.6639],[54.7204,50.6337],[54.731,50.6217],[54.7195,50.6062],[54.6854,50.5929],[54.646,50.5603],[54.6142,50.5387],[54.5927,50.5601],[54.5745,50.5526],[54.5448,50.5277],[54.5652,50.5165],[54.5,50.4662],[54.458,50.4153],[54.4639,50.4028],[54.364,50.3197],[54.4,50.3052],[54.4237,50.2845],[54.4464,50.2199],[54.4331,50.185],[54.4337,50.1007],[54.4666,50.1015],[54.4955,50.0657],[54.5713,50.036],[54.5814,50.0083],[54.5461,49.9335],[54.5411,49.9049],[54.5239,49.8905],[54.4771,49.8209],[54.5133,49.7398],[54.4826,49.7355],[54.4058,49.7367],[54.397,49.7144],[54.3662,49.674],[54.3547,49.6765],[54.3205,49.6624],[54.361,49.6251],[54.2675,49.5882],[54.2598,49.5786],[54.052,49.6059],[54.0033,49.5943],[53.9874,49.5862],[53.9394,49.5948],[53.9127,49.588],[53.8836,49.5997],[53.8395,49.5937],[53.826,49.6008],[53.7982,49.5933],[53.7826,49.5786],[53.7498,49.5775],[53.7162,49.5098],[53.6924,49.5111],[53.6565,49.5272],[53.6109,49.5291],[53.6228,49.4806],[53.6876,49.4676],[53.6583,49.4142],[53.6442,49.3318],[53.6303,49.3033],[53.6215,49.2548],[53.6257,49.2328],[53.6505,49.1981],[53.6878,49.178],[53.7443,49.158],[53.8268,49.1429],[53.8137,49.1239],[53.8696,49.0986],[53.8923,49.1162],[53.9054,49.1624],[53.9876,49.1744],[53.9965,49.15],[53.9903,49.128],[53.9898,49.0936],[54.0113,49.0508],[53.9906,49.0035],[54.0243,48.9568],[54.0118,48.8819],[54.0435,48.8074],[54.027,48.7628],[54.1551,48.7355],[54.1761,48.7243],[54.2845,48.7071],[54.3177,48.6971],[54.3552,48.6791],[54.4503,48.6525],[54.4603,48.6419],[54.542,48.6401],[54.5814,48.7255],[54.5788,48.7793],[54.6379,48.7716],[54.6528,48.798],[54.6839,48.8004],[54.7382,48.7745],[54.7491,48.745],[54.9123,48.7094],[54.9228,48.6524],[54.9287,48.5748],[54.9187,48.5546],[54.904,48.4834],[54.8967,48.4644],[54.8792,48.3653],[54.9193,48.3065],[54.9707,48.2705],[54.9475,48.24],[54.9455,48.1925],[54.9546,48.1676],[54.9386,48.0972],[54.991,48.0604],[55.0631,48],[55.0991,47.9563],[55.1051,47.8647],[55.1111,47.8248],[55.1218,47.785],[55.0919,47.7268],[55.0658,47.5893],[55.0743,47.5545],[55.0686,47.5418],[55.0714,47.4758],[55.0682,47.4539],[55.0412,47.4307],[55.0258,47.3744],[55.0205,47.3236],[55.0112,47.2811],[55.002,47.2024],[55.1198,47.0643],[55.1248,47.0304],[55.1945,46.9516],[55.2329,46.8738],[55.4504,46.726],[55.7382,46.6289],[55.9531,46.593],[56.2875,46.5134],[56.3156,46.3761],[56.3887,46.2925],[56.4106,46.2783],[56.4406,46.2403],[56.4424,46.203],[56.4648,46.1763],[56.4718,46.1491],[56.4666,46.1322]]]},"properties":{"osm_id":"relation/215683","iso":"KZ-15","admin_level":4,"name_kk":"Ақтөбе облысы","name_ru":"Актюбинская область","name_en":"Aqtöbe Region","kind":"region"}},
{"type":"Feature","geometry":{"type":"Polygon","coordinates":[[[52.6754,45.8113],[52.6067,45.7754],[52.568,45.7493],[52.5415,45.7197],[52.4719,45.6078],[52.2904,45.5524],[52.1557,45.5345],[51.8197,45.5882],[51.7786,45.5936],[51.73,45.5927],[51.6984,45.5877],[51.4065,45.5232],[51.3424,45.507],[51.3038,45.4887],[51.2692,45.4626],[51.1641,45.3644],[51.1419,45.3405],[51.0898,45.2737],[51.0786,45.264],[50.8716,45.1156],[50.7077,45.0808],[50.4106,45.1856],[50.3635,45.1949],[50.3144,45.1983],[50.0741,45.1936],[50.0171,45.1869],[49.9619,45.1723],[49.8831,45.1344],[49.8472,45.0947],[49.8256,45.0505],[49.8164,45.0234],[49.8083,44.9753],[49.8154,44.9208],[49.8225,44.901],[49.8586,44.8343],[49.8714,44.8162],[49.9248,44.7588],[50.0336,44.5495],[50.0447,44.4725],[50.0502,44.3864],[50.0574,44.3538],[50.0775,44.3169],[50.1227,44.2645],[50.1591,44.2407],[50.2255,44.207],[50.3103,44.1739],[50.3514,44.1634],[50.4101,44.1548],[50.5488,44.1438],[50.7003,43.9603],[50.8594,43.7285],[50.9509,43.6072],[50.9892,43.5595],[51.0968,43.4508],[51.082,43.2281],[51.071,43.1607],[51.0776,43.1232],[51.1034,43.0789],[51.1326,43.0515],[51.1602,43.034],[51.2025,43.0162],[51.2623,43.0039],[51.5578,42.9675],[51.6356,42.8935],[51.6749,42.8334],[51.7371,42.7574],[51.767,42.7302],[51.7999,42.7105],[51.8365,42.6959],[51.8876,42.6854],[52.1954,42.6508],[52.3928,42.6018],[52.4406,42.4697],[52.2891,42.2624],[52.2586,42.2122],[52.2353,42.1492],[52.2263,42.0889],[52.2405,42.0137],[52.2472,41.7722],[52.2591,41.7244],[52.267,41.6143],[52.45,41.762],[52.4968,41.7973],[52.7191,41.9489],[52.9343,42.0928],[52.9848,42.1212],[53.0586,42.1419],[53.2352,42.1942],[53.5706,42.2889],[53.6654,42.3035],[53.9085,42.3358],[54.1505,42.3686],[54.2178,42.3791],[54.2431,42.3635],[54.3927,42.2782],[54.6834,42.1081],[54.7795,42.0525],[54.8176,42.0183],[54.8919,41.9595],[54.9521,41.9063],[54.9481,41.8572],[54.95,41.8332],[54.964,41.8102],[54.9992,41.7811],[55.0329,41.7426],[55.0662,41.6993],[55.1023,41.6389],[55.1155,41.6112],[55.1581,41.5702],[55.1794,41.5435],[55.2114,41.5146],[55.2401,41.472],[55.2684,41.438],[55.3155,41.3909],[55.3453,41.3743],[55.3497,41.3629],[55.3832,41.34],[55.3953,41.3385],[55.4001,41.3201],[55.4152,41.3107],[55.4147,41.2932],[55.4393,41.2934],[55.4515,41.2865],[55.4553,41.2671],[55.4723,41.2717],[55.4996,41.2516],[55.5373,41.2566],[55.5537,41.2669],[55.5546,41.2825],[55.5677,41.2887],[55.5824,41.276],[55.613,41.2704],[55.6356,41.2828],[55.6813,41.2888],[55.7133,41.2785],[55.7433,41.3021],[55.7738,41.2841],[55.8117,41.2783],[55.8164,41.2972],[55.8398,41.3139],[55.8707,41.3241],[55.8767,41.3318],[55.972,41.3258],[55.9986,41.3222],[55.999,41.644],[55.999,41.9494],[55.999,42.5655],[55.9989,43.7533],[56.0005,44.4529],[55.9996,44.7888],[55.9989,45.0001],[56.3577,45.0863],[56.7441,45.1774],[56.69,45.4821],[56.6594,45.6529],[56.6448,45.6669],[56.6058,45.9261],[56.5598,46.0001],[56.5525,46.0059],[56.5165,46.0974],[56.4666,46.1322],[56.4367,46.1348],[56.3699,46.1346],[56.3509,46.1458],[56.2713,46.1515],[56.1971,46.1386],[56.1217,46.1545],[56.0448,46.2115],[56.0222,46.2159],[55.9815,46.2105],[55.9731,46.2484],[55.9576,46.2592],[55.9039,46.241],[55.8268,46.254],[55.8197,46.2762],[55.859,46.3034],[55.8573,46.3132],[55.8251,46.3485],[55.8311,46.3646],[55.8258,46.3943],[55.8043,46.4078],[55.7763,46.4052],[55.7186,46.4086],[55.698,46.3997],[55.6583,46.4215],[55.6284,46.4156],[55.6031,46.4208],[55.5231,46.488],[55.4879,46.5201],[55.2705,46.3674],[55.0896,46.3795],[54.9987,46.3743],[54.9714,46.3683],[54.8326,46.3635],[54.7948,46.3511],[54.6928,46.3231],[54.5309,46.2958],[54.5047,46.301],[54.4737,46.2924],[54.3077,46.257],[54.2452,46.2492],[54.1037,46.2529],[54.0779,46.241],[53.9987,46.2466],[53.9717,46.2461],[53.9686,46.1924],[53.8953,46.1273],[53.6845,46.0189],[53.6772,45.9866],[53.7736,45.9863],[53.7236,45.9403],[53.6478,45.8989],[53.41,45.8137],[53.3174,45.8008],[53.1877,45.8131],[53.1589,45.7459],[52.958,45.7556],[52.8834,45.7743],[52.6754,45.8113]]]},"properties":{"osm_id":"relation/215686","iso":"KZ-47","admin_level":4,"name_kk":"Маңғыстау облысы","name_ru":"Мангистауская область","name_en":"Mangystau Region","kind":"region"}},
{"type":"Feature","geometry":{"type":"Polygon","coordinates":[[[81.5908,50.7435],[81.585,50.7043],[81.634,50.6959],[81.6341,50.6737],[81.6641,50.6479],[81.6646,50.5845],[81.6327,50.584],[81.6339,50.5687],[81.6783,50.5595],[81.6862,50.5443],[81.7156,50.5325],[81.737,50.5047],[81.6932,50.483],[81.6903,50.4555],[81.6692,50.4392],[81.6904,50.408],[81.6887,50.3605],[81.6825,50.3152],[81.6562,50.2884],[81.627,50.2688],[81.5325,50.3034],[81.4779,50.3193],[81.3996,50.3197],[81.3493,50.3234],[81.3738,50.2369],[81.3245,50.2308],[81.1931,50.2538],[81.1557,50.2336],[81.1125,50.227],[81.1238,50.1623],[81.1754,50.153],[81.2259,50.1395],[81.2692,50.1318],[81.3701,50.127],[81.3659,50.0924],[81.3546,50.0567],[81.3267,50.0272],[81.3375,50.0088],[81.3293,49.967],[81.3721,49.9662],[81.4807,49.9483],[81.5019,49.9374],[81.5219,49.9132],[81.57,49.9137],[81.5608,49.8976],[81.5689,49.882],[81.6419,49.877],[81.6753,49.8823],[81.6966,49.865],[81.6966,49.8305],[81.7025,49.8187],[81.6909,49.7831],[81.6466,49.7685],[81.6378,49.744],[81.658,49.7265],[81.6754,49.7225],[81.7114,49.7379],[81.7174,49.763],[81.7538,49.7483],[81.7546,49.7351],[81.7297,49.7017],[81.7674,49.6839],[81.7913,49.658],[81.8149,49.6573],[81.8092,49.6218],[81.8579,49.6212],[81.9104,49.6011],[81.9127,49.5818],[81.9768,49.5718],[82.009,49.5576],[82.0206,49.5297],[82.0487,49.514],[82.082,49.5142],[82.0818,49.4942],[82.0645,49.4734],[82.0585,49.4516],[82.0718,49.4342],[82.1014,49.4365],[82.0927,49.4096],[82.1182,49.3992],[82.1692,49.3885],[82.2453,49.3773],[82.2489,49.3906],[82.3009,49.3852],[82.3017,49.3754],[82.3621,49.3417],[82.3999,49.3026],[82.4307,49.3392],[82.5228,49.3316],[82.6103,49.2538],[82.5992,49.2451],[82.6382,49.2109],[82.6582,49.2114],[82.6691,49.2272],[82.6905,49.2214],[82.6794,49.1932],[82.6836,49.1552],[82.7039,49.1284],[82.7052,49.0998],[82.6982,49.0716],[82.7199,49.0365],[82.7091,49.0297],[82.7587,48.9888],[82.7675,48.9713],[82.814,48.974],[82.8546,48.9719],[82.9201,48.9452],[82.9212,48.9087],[82.8452,48.8432],[82.8117,48.8542],[82.8324,48.8262],[82.8217,48.8172],[82.8251,48.7957],[82.7981,48.7778],[82.797,48.768],[82.8329,48.7661],[82.8671,48.7442],[82.8973,48.7757],[82.872,48.782],[82.8859,48.8171],[82.8851,48.8297],[82.9497,48.817],[82.9117,48.7702],[82.9434,48.7631],[82.9445,48.7482],[82.9239,48.7298],[82.961,48.7298],[82.979,48.7239],[82.9836,48.7455],[82.9799,48.7672],[83.0306,48.7516],[83.0454,48.7562],[83.1688,48.7644],[83.1922,48.7178],[83.1704,48.6997],[83.1203,48.6897],[83.1002,48.7031],[83.0334,48.7037],[83.0233,48.6797],[83.0405,48.659],[83.0585,48.6567],[83.0608,48.6392],[83.0136,48.6448],[83.014,48.6262],[83.0383,48.6209],[83.0626,48.6275],[83.1155,48.6152],[83.133,48.6361],[83.136,48.6545],[83.1255,48.6839],[83.1534,48.689],[83.1547,48.6719],[83.1874,48.6758],[83.2066,48.6466],[83.1905,48.6284],[83.2151,48.5859],[83.2728,48.5633],[83.3156,48.553],[83.3232,48.5366],[83.3476,48.5276],[83.4214,48.5237],[83.4233,48.5039],[83.4377,48.4706],[83.4858,48.4379],[83.5589,48.4171],[83.6156,48.3909],[83.6197,48.3679],[83.5961,48.3483],[83.558,48.338],[83.5181,48.3176],[83.4827,48.2886],[83.4886,48.2609],[83.4659,48.2541],[83.4652,48.2381],[83.43,48.2346],[83.217,48.0934],[82.9904,47.9612],[82.972,47.938],[83.0036,47.9196],[82.987,47.9096],[82.9903,47.8824],[82.9823,47.826],[82.9742,47.8004],[82.9772,47.7831],[83.0266,47.705],[83.0793,47.6486],[83.0748,47.6416],[83.1569,47.6358],[83.1699,47.6157],[83.1413,47.5946],[83.1141,47.5845],[83.1318,47.5682],[83.1574,47.5308],[83.2228,47.475],[83.2307,47.4322],[83.2129,47.4145],[83.2096,47.3956],[83.1919,47.3917],[83.1727,47.2972],[83.1773,47.2574],[83.156,47.2304],[83.2086,47.2094],[83.2149,47.1907],[83.2393,47.1792],[83.2798,47.1752],[83.2885,47.182],[83.3181,47.1714],[83.354,47.1746],[83.3878,47.1484],[83.4135,47.116],[83.4575,47.1321],[83.4631,47.1213],[83.4863,47.1092],[83.5089,47.1075],[83.525,47.0852],[83.566,47.0781],[83.578,47.0605],[83.6134,47.0486],[83.6802,47.0352],[83.701,47.0227],[83.7327,47.0276],[83.7835,47.0243],[83.8321,47.0086],[83.8345,46.9969],[83.8708,46.995],[83.9173,46.9729],[83.9457,46.9907],[83.9675,46.984],[83.9847,46.9953],[84.0565,46.9687],[84.1264,46.9674],[84.1522,46.9804],[84.1654,46.9939],[84.2011,47.0023],[84.2262,46.9972],[84.2585,47.003],[84.2991,46.9954],[84.3295,47.0029],[84.3792,46.996],[84.436,47.009],[84.4572,47.0061],[84.4603,46.9933],[84.4843,46.9926],[84.5066,46.9756],[84.5411,46.9839],[84.5794,46.9996],[84.6305,46.9947],[84.7097,47.0095],[84.7592,47.0047],[84.7807,46.9767],[84.8105,46.9608],[84.8473,46.9538],[84.8612,46.9441],[84.858,46.9283],[84.881,46.9097],[84.9131,46.8911],[84.9152,46.8804],[84.9442,46.8629],[84.9783,46.8722],[84.9829,46.9151],[85.0061,46.9265],[85.0336,46.9217],[85.0783,46.9312],[85.0956,46.9642],[85.1187,46.9698],[85.1455,46.9893],[85.1668,46.9866],[85.1941,47.0126],[85.2169,47.0524],[85.2615,47.0499],[85.2773,47.0658],[85.2994,47.065],[85.3235,47.0429],[85.3419,47.0541],[85.3824,47.046],[85.4125,47.06],[85.4509,47.0602],[85.4811,47.0531],[85.5053,47.0562],[85.5294,47.0516],[85.5444,47.0796],[85.5414,47.0933],[85.5767,47.1377],[85.6399,47.184],[85.6499,47.2056],[85.6823,47.2228],[85.6987,47.288],[85.6743,47.3121],[85.6867,47.3333],[85.6868,47.3616],[85.703,47.3801],[85.6879,47.3924],[85.6803,47.4341],[85.6659,47.4495],[85.6499,47.4532],[85.6079,47.5097],[85.6143,47.5401],[85.5977,47.6433],[85.5794,47.7719],[85.5474,47.9822],[85.5373,47.992],[85.5428,48.0094],[85.5298,48.0245],[85.5301,48.0446],[85.5418,48.0532],[85.5351,48.0717],[85.5475,48.0788],[85.5433,48.0982],[85.5532,48.1078],[85.5492,48.1268],[85.5593,48.149],[85.5813,48.1675],[85.5936,48.1962],[85.6228,48.2101],[85.6327,48.2335],[85.6594,48.2418],[85.6812,48.275],[85.6823,48.2919],[85.6945,48.3007],[85.6899,48.3216],[85.7254,48.3729],[85.7525,48.3909],[85.7559,48.403],[85.7874,48.4175],[85.8058,48.4157],[85.8375,48.4275],[85.8979,48.4308],[85.9117,48.4362],[86.0533,48.4389],[86.2323,48.4322],[86.2575,48.4542],[86.2677,48.4516],[86.2969,48.477],[86.3214,48.4881],[86.3783,48.4938],[86.407,48.4787],[86.5808,48.5391],[86.5922,48.5449],[86.5945,48.567],[86.6119,48.5971],[86.6281,48.6039],[86.6356,48.6268],[86.6767,48.6336],[86.6918,48.6432],[86.701,48.6693],[86.7262,48.6833],[86.7399,48.6982],[86.7731,48.7206],[86.7735,48.7501],[86.7513,48.7777],[86.7608,48.8041],[86.817,48.8305],[86.8163,48.8566],[86.7836,48.8753],[86.7785,48.8864],[86.7565,48.8939],[86.7354,48.9235],[86.7271,48.9506],[86.7293,48.9944],[86.7492,49.0145],[86.7809,49.0273],[86.7953,49.0392],[86.8299,49.0493],[86.8475,49.0653],[86.8421,49.0931],[86.8528,49.1106],[86.8872,49.1326],[86.9369,49.1308],[86.9688,49.1334],[86.9961,49.1426],[87.0563,49.1293],[87.0825,49.1311],[87.1041,49.1511],[87.15,49.1508],[87.1687,49.1389],[87.1992,49.1432],[87.228,49.1153],[87.2535,49.1117],[87.2834,49.116],[87.2972,49.1337],[87.29,49.156],[87.3027,49.1696],[87.2916,49.2018],[87.3156,49.2311],[87.2693,49.2326],[87.2553,49.2402],[87.1983,49.2525],[87.1403,49.2461],[87.1283,49.2561],[87.0952,49.2522],[87.0645,49.2548],[87.0369,49.2508],[87.0253,49.2573],[87.006,49.2989],[86.9821,49.3009],[86.9641,49.3117],[86.9531,49.336],[86.9265,49.3489],[86.9247,49.3698],[86.9492,49.3799],[86.9364,49.398],[86.9478,49.4064],[86.9301,49.4201],[86.8683,49.4348],[86.8511,49.4446],[86.831,49.4698],[86.8297,49.4817],[86.8554,49.4993],[86.851,49.5106],[86.8186,49.5273],[86.8272,49.5454],[86.7902,49.5528],[86.7395,49.5712],[86.6824,49.5691],[86.6659,49.5603],[86.6182,49.5704],[86.6025,49.6056],[86.6155,49.6285],[86.6592,49.6438],[86.6657,49.6655],[86.6819,49.6687],[86.7095,49.6873],[86.7677,49.6891],[86.7789,49.696],[86.753,49.7424],[86.7714,49.7638],[86.7794,49.7945],[86.7465,49.7866],[86.7153,49.7942],[86.6938,49.8098],[86.6539,49.8126],[86.5902,49.801],[86.6106,49.772],[86.6024,49.744],[86.5784,49.7339],[86.5823,49.7241],[86.5266,49.702],[86.5092,49.691],[86.5084,49.6782],[86.4885,49.6579],[86.4563,49.6383],[86.4286,49.6294],[86.4194,49.6083],[86.3714,49.5936],[86.3314,49.5932],[86.3159,49.5993],[86.2716,49.5827],[86.267,49.5465],[86.2394,49.5254],[86.2283,49.4952],[86.202,49.4661],[86.1739,49.479],[86.1594,49.5077],[86.1129,49.5244],[86.0372,49.5218],[86.0328,49.5081],[85.9865,49.4889],[85.969,49.4871],[85.9294,49.5359],[85.9498,49.556],[85.9173,49.5652],[85.8837,49.5669],[85.8411,49.5477],[85.816,49.547],[85.8015,49.567],[85.7569,49.5772],[85.6939,49.5641],[85.6787,49.5509],[85.6272,49.5778],[85.6216,49.6009],[85.5837,49.6137],[85.5533,49.5944],[85.4902,49.5981],[85.3884,49.6348],[85.3213,49.5908],[85.2575,49.5885],[85.255,49.604],[85.2647,49.6198],[85.2545,49.6273],[85.2107,49.6274],[85.2163,49.637],[85.2035,49.6523],[85.2149,49.6891],[85.1983,49.7379],[85.1506,49.7673],[85.1395,49.7854],[85.1446,49.7964],[85.1286,49.8129],[85.1002,49.8279],[85.1004,49.8521],[85.0597,49.885],[85.0233,49.8911],[84.9952,49.9056],[84.9729,49.9543],[84.9946,49.9682],[84.9836,49.984],[85.0378,50.0091],[85.0335,50.0418],[85.0241,50.0602],[85.0062,50.0582],[84.9748,50.067],[84.9458,50.0966],[84.924,50.0922],[84.8866,50.1042],[84.8564,50.0921],[84.8166,50.1167],[84.8052,50.1472],[84.7577,50.1369],[84.7272,50.1642],[84.6995,50.1778],[84.692,50.1886],[84.6627,50.1937],[84.6282,50.2107],[84.5812,50.2081],[84.5675,50.1968],[84.5303,50.206],[84.49,50.2377],[84.447,50.2464],[84.4098,50.2092],[84.3911,50.2158],[84.3575,50.2138],[84.3258,50.2286],[84.3183,50.247],[84.3005,50.2485],[84.2657,50.2732],[84.2516,50.2901],[84.2597,50.3011],[84.2683,50.3566],[84.242,50.3769],[84.242,50.4087],[84.2165,50.4342],[84.204,50.469],[84.23,50.4812],[84.2353,50.5042],[84.2487,50.5156],[84.2306,50.5402],[84.1967,50.5416],[84.1762,50.5516],[84.144,50.6062],[84.1185,50.6081],[84.1078,50.6231],[84.0826,50.6336],[84.0717,50.6591],[84.0578,50.6627],[84.0232,50.6979],[83.9893,50.7087],[83.951,50.7464],[83.9517,50.7636],[83.9762,50.7799],[83.9624,50.8025],[83.9105,50.8163],[83.877,50.8472],[83.8363,50.87],[83.8337,50.88],[83.7433,50.8942],[83.7116,50.8934],[83.6771,50.9172],[83.6786,50.928],[83.6565,50.9395],[83.6487,50.9548],[83.5935,50.9494],[83.5376,50.9609],[83.5123,50.9485],[83.4995,50.9766],[83.4475,50.9771],[83.4302,50.9867],[83.4398,51.0049],[83.4072,51.0132],[83.3663,50.9986],[83.3582,51.0075],[83.2916,51.009],[83.2257,51.0012],[83.202,50.9933],[83.175,51.0116],[83.121,51.011],[83.1223,50.9845],[83.1125,50.966],[83.059,50.9346],[83.006,50.9252],[82.9796,50.8838],[82.9618,50.8933],[82.9267,50.8987],[82.911,50.9077],[82.8855,50.898],[82.8478,50.9097],[82.838,50.918],[82.7942,50.9181],[82.7714,50.9271],[82.7328,50.9273],[82.7314,50.9072],[82.7173,50.9009],[82.7392,50.8504],[82.7065,50.8319],[82.7015,50.8122],[82.675,50.806],[82.668,50.7932],[82.6471,50.7943],[82.6304,50.7791],[82.6055,50.776],[82.5675,50.7468],[82.4855,50.7422],[82.4718,50.7561],[82.4107,50.7647],[82.3807,50.7757],[82.3508,50.7756],[82.3052,50.7558],[82.2959,50.7694],[82.2704,50.7698],[82.2491,50.7489],[82.2224,50.7369],[82.1892,50.7352],[82.1753,50.7453],[82.0784,50.7508],[82.0629,50.7658],[82.036,50.7691],[82.0128,50.7861],[81.9827,50.7857],[81.9061,50.7955],[81.8854,50.8043],[81.7968,50.772],[81.7887,50.816],[81.7766,50.8206],[81.7556,50.7817],[81.7281,50.76],[81.5908,50.7435]]]},"properties":{"osm_id":"relation/215699","iso":"KZ-63","admin_level":4,"name_kk":"Шығыс Қазақстан облысы","name_ru":"Восточно-Казахстанская область","name_en":"East Kazakhstan Region","kind":"region"}},
{"type":"Feature","geometry":{"type":"Polygon","coordinates":[[[75.8235,42.9403],[75.896,42.9446],[75.9372,42.9557],[75.956,42.9338],[76.0082,42.9252],[76.0283,42.911],[76.0701,42.9217],[76.0882,42.918],[76.1953,42.9308],[76.2003,42.9166],[76.2381,42.9217],[76.3014,42.9113],[76.3039,42.8744],[76.324,42.8719],[76.3438,42.8608],[76.3895,42.8753],[76.4186,42.8734],[76.4479,42.8836],[76.4859,42.8883],[76.504,42.9184],[76.522,42.9215],[76.5495,42.9098],[76.5746,42.9063],[76.6014,42.9156],[76.629,42.9058],[76.6475,42.9109],[76.7089,42.9042],[76.7493,42.9218],[76.7553,42.95],[76.7805,42.9565],[76.7987,42.9476],[76.8227,42.9551],[76.8369,42.972],[76.8753,42.9712],[76.8823,42.9767],[76.9339,42.9711],[76.9716,42.987],[77.0041,42.9833],[77.0137,42.9642],[77.0393,42.9475],[77.0604,42.9655],[77.0617,42.9771],[77.0848,42.9813],[77.1245,42.9698],[77.1536,42.9727],[77.1571,42.9434],[77.195,42.9398],[77.2222,42.9167],[77.2472,42.9096],[77.2965,42.9158],[77.3229,42.9135],[77.3501,42.8999],[77.3907,42.9139],[77.4224,42.9288],[77.4365,42.9253],[77.4764,42.9383],[77.4813,42.9259],[77.5203,42.9292],[77.5499,42.9395],[77.5803,42.9163],[77.6226,42.9195],[77.6581,42.9115],[77.6704,42.918],[77.697,42.9039],[77.721,42.9097],[77.7623,42.9057],[77.7795,42.9148],[77.8107,42.9023],[77.8167,42.8873],[77.8417,42.8825],[77.8687,42.8879],[77.9111,42.8707],[77.9341,42.8817],[77.9431,42.86],[77.9676,42.8509],[78.0015,42.8627],[78.0342,42.8654],[78.0566,42.848],[78.0918,42.8494],[78.1056,42.86],[78.1496,42.8576],[78.1715,42.8603],[78.177,42.8739],[78.1974,42.8824],[78.2573,42.8735],[78.307,42.8572],[78.3503,42.8552],[78.3624,42.8633],[78.37,42.8867],[78.4107,42.877],[78.4543,42.8867],[78.498,42.9003],[78.5052,42.8914],[78.536,42.8814],[78.5407,42.8696],[78.5758,42.8625],[78.5889,42.8476],[78.6128,42.855],[78.6468,42.8402],[78.6481,42.8268],[78.6639,42.8154],[78.6943,42.8143],[78.7101,42.8261],[78.7306,42.8196],[78.7733,42.8154],[78.7866,42.8006],[78.8008,42.81],[78.8294,42.8049],[78.852,42.795],[78.8657,42.8007],[78.9047,42.7889],[78.9298,42.7748],[78.9664,42.7825],[78.9878,42.7759],[79.02,42.7784],[79.0292,42.7626],[79.0442,42.7628],[79.0567,42.7755],[79.0944,42.787],[79.1061,42.7821],[79.1495,42.7955],[79.1998,42.8045],[79.1945,42.7807],[79.1721,42.755],[79.1706,42.7291],[79.182,42.6975],[79.2166,42.6561],[79.2711,42.6217],[79.2985,42.6201],[79.319,42.6022],[79.3442,42.6048],[79.3793,42.5789],[79.3817,42.5667],[79.3991,42.5503],[79.423,42.539],[79.4288,42.5181],[79.4496,42.5116],[79.4518,42.5012],[79.4773,42.4932],[79.4995,42.4753],[79.5049,42.4599],[79.5292,42.4569],[79.572,42.4597],[79.5952,42.4545],[79.6144,42.4585],[79.6373,42.4535],[79.6533,42.4754],[79.6968,42.4793],[79.7036,42.4705],[79.7482,42.464],[79.7873,42.4469],[79.8244,42.4425],[79.8567,42.4466],[79.8986,42.438],[79.9681,42.4322],[79.9681,42.4035],[79.9802,42.3797],[80.0005,42.3779],[80.0013,42.3647],[80.0303,42.3429],[80.0817,42.3394],[80.0793,42.3257],[80.1086,42.3151],[80.1425,42.2859],[80.1182,42.2764],[80.175,42.2108],[80.1933,42.2265],[80.2155,42.2272],[80.2285,42.2167],[80.2453,42.2179],[80.283,42.2349],[80.2872,42.2666],[80.2782,42.281],[80.2596,42.2924],[80.2602,42.3045],[80.2794,42.3236],[80.2376,42.3405],[80.2264,42.3674],[80.2391,42.3877],[80.2329,42.4043],[80.2142,42.4125],[80.2045,42.4287],[80.2129,42.4533],[80.2077,42.4699],[80.2352,42.491],[80.2668,42.5032],[80.2489,42.5239],[80.2206,42.5329],[80.1921,42.5671],[80.178,42.6036],[80.1627,42.6249],[80.1767,42.6714],[80.2036,42.6881],[80.2268,42.6935],[80.223,42.713],[80.2548,42.784],[80.2616,42.8258],[80.2773,42.838],[80.329,42.8276],[80.3781,42.8308],[80.3902,42.8389],[80.4146,42.8371],[80.4269,42.8565],[80.4459,42.8613],[80.4605,42.8554],[80.4863,42.8728],[80.5272,42.878],[80.5612,42.8867],[80.5712,42.895],[80.598,42.895],[80.5917,42.9132],[80.5396,42.9359],[80.4853,42.9448],[80.4411,42.9658],[80.3878,43.0029],[80.3806,43.0194],[80.3842,43.0459],[80.4586,43.0757],[80.485,43.0704],[80.5356,43.0985],[80.5558,43.1019],[80.5866,43.1364],[80.6269,43.1403],[80.6575,43.1499],[80.6987,43.1431],[80.7239,43.1342],[80.7416,43.1467],[80.7668,43.1456],[80.7813,43.1378],[80.8073,43.1773],[80.7974,43.1842],[80.7828,43.2154],[80.7866,43.2361],[80.7652,43.2668],[80.7785,43.312],[80.7523,43.319],[80.6983,43.3163],[80.6821,43.3279],[80.7049,43.3531],[80.7047,43.3644],[80.7244,43.3773],[80.7349,43.3929],[80.7359,43.4351],[80.7554,43.4462],[80.749,43.4725],[80.6905,43.5741],[80.5227,43.8221],[80.4791,43.7832],[80.4735,43.7943],[80.4177,43.8029],[80.4144,43.7863],[80.3946,43.788],[80.384,43.7777],[80.3305,43.7775],[80.3073,43.7637],[80.2894,43.7746],[80.2683,43.7576],[80.2282,43.7618],[80.2209,43.7746],[80.1924,43.7631],[80.1874,43.7967],[80.1734,43.8042],[80.1349,43.7839],[80.1092,43.8014],[80.0774,43.7907],[80.0678,43.8036],[80.0444,43.7933],[80.0391,43.8099],[79.985,43.8101],[79.9521,43.82],[79.9474,43.806],[79.9239,43.7987],[79.9128,43.8091],[79.9272,43.8206],[79.9121,43.8305],[79.8803,43.8234],[79.8402,43.8369],[79.8268,43.8574],[79.7827,43.8658],[79.7468,43.8926],[79.7289,43.8965],[79.7241,43.9276],[79.678,43.9321],[79.664,43.9463],[79.5633,43.9787],[79.5175,43.9751],[79.5057,43.9554],[79.4888,43.9506],[79.4546,43.9537],[79.4258,43.9342],[79.4025,43.9274],[79.3938,43.9166],[79.3628,43.9069],[79.3331,43.9087],[79.2911,43.9012],[79.2535,43.8621],[79.2144,43.8694],[79.1937,43.8489],[79.1653,43.8444],[79.1432,43.8313],[79.0904,43.8327],[79.0797,43.8424],[79.0572,43.8437],[79.0482,43.8335],[79.0249,43.8333],[79.0057,43.853],[78.971,43.8481],[78.9175,43.846],[78.8548,43.8516],[78.8277,43.8378],[78.8013,43.8457],[78.7716,43.8426],[78.7551,43.8472],[78.7114,43.8342],[78.6554,43.835],[78.6295,43.8237],[78.5371,43.85],[78.4994,43.8392],[78.4907,43.8489],[78.4119,43.866],[78.3949,43.8774],[78.3695,43.8746],[78.3416,43.8796],[78.3206,43.8905],[78.2337,43.8976],[78.2155,43.8963],[78.1881,43.8815],[78.062,43.8652],[78.0393,43.8703],[78.0142,43.8664],[77.9582,43.8712],[77.9313,43.8808],[77.9067,43.8751],[77.887,43.8572],[77.8508,43.8501],[77.8292,43.9029],[77.8286,43.9173],[77.7779,43.9235],[77.7884,43.9544],[77.8238,43.986],[77.8372,44.0151],[77.8095,44.0253],[77.7275,44.0688],[77.6158,44.0364],[77.6079,44.0725],[77.5679,44.0914],[77.5044,44.1072],[77.4648,44.1219],[77.3521,44.1577],[77.3593,44.2038],[77.3384,44.2165],[77.3882,44.266],[77.3907,44.2748],[77.3707,44.3044],[77.3786,44.338],[77.2681,44.351],[77.2092,44.3441],[77.1798,44.3728],[77.1751,44.3911],[77.1781,44.4458],[77.1113,44.4643],[77.0644,44.4976],[76.9332,44.5711],[76.9421,44.5834],[76.9357,44.6069],[76.921,44.6131],[76.9268,44.6298],[76.9148,44.6384],[76.9143,44.6607],[76.8958,44.6797],[76.8466,44.7545],[76.8376,44.8477],[76.8782,44.88],[76.8202,44.9586],[76.7292,45.0276],[76.6465,45.0227],[76.61,45.0389],[76.5684,45.0348],[76.5571,45.0775],[76.5456,45.0817],[76.526,45.1901],[76.482,45.2607],[76.4839,45.2932],[76.3964,45.3855],[76.2654,45.4539],[76.1835,45.6228],[76.1717,45.6835],[76.1962,45.7317],[76.1808,46.4526],[76.2338,46.4783],[76.2303,46.5171],[76.217,46.562],[76.2252,46.6385],[76.0491,46.7381],[75.8859,46.7247],[75.6099,46.6935],[75.5222,46.7075],[75.327,46.6821],[75.0189,46.5573],[74.7436,46.5264],[74.1657,46.1383],[74.0825,46.0404],[74.0606,46.001],[74.0147,45.8904],[73.9015,45.7465],[73.9842,45.3816],[74.031,45.288],[73.7527,45.2888],[73.722,45.2208],[73.755,45.1044],[73.893,45.1252],[74.0875,45.1271],[74.1182,44.968],[74.1394,44.9534],[74.1335,44.9133],[74.1966,44.8949],[74.2367,44.872],[74.3057,44.849],[74.3893,44.7953],[74.4026,44.8012],[74.5226,44.6987],[74.5122,44.6669],[74.5201,44.5831],[74.4938,44.5261],[74.5107,44.5228],[74.5197,44.4858],[74.751,44.3578],[74.9415,44.3436],[75.0042,44.317],[75.0365,44.3085],[75.0928,44.2773],[75.1128,44.2604],[75.1267,44.26],[75.2138,44.1942],[75.3071,44.148],[75.314,44.0833],[75.3158,44.0184],[75.3068,43.9873],[75.273,43.9487],[75.2769,43.8918],[75.2853,43.8613],[75.2695,43.8437],[75.2681,43.8246],[75.2435,43.8109],[75.1983,43.7735],[74.9973,43.651],[74.9972,43.6103],[75.0313,43.5989],[75.0854,43.5691],[75.133,43.5663],[75.1841,43.5433],[75.1809,43.5907],[75.2387,43.5905],[75.2424,43.5367],[75.3054,43.529],[75.3432,43.5342],[75.3887,43.5349],[75.4192,43.4761],[75.419,43.471],[75.3498,43.4048],[75.3076,43.3877],[75.2941,43.3757],[75.2777,43.3154],[75.2811,43.2631],[75.3306,43.2529],[75.2945,43.2133],[75.3306,43.1953],[75.3439,43.1498],[75.4011,43.1254],[75.4232,43.1205],[75.4539,43.1235],[75.4997,43.1046],[75.5326,43.0826],[75.5532,43.0856],[75.5966,43.0707],[75.611,43.0589],[75.6515,43.0503],[75.6561,43.0437],[75.6012,42.9992],[75.5468,42.9816],[75.6561,42.9807],[75.6566,42.9753],[75.6949,42.9616],[75.7236,42.9566],[75.775,42.964],[75.7728,42.9407],[75.8235,42.9403]],[[77.1426,43.3624],[77.1667,43.3475],[77.1462,43.3331],[77.137,43.3393],[77.1426,43.3624]],[[76.7928,43.1752],[76.7892,43.1973],[76.7786,43.1998],[76.7699,43.23],[76.7758,43.2495],[76.7998,43.2743],[76.7962,43.2868],[76.7546,43.2969],[76.7603,43.314],[76.8009,43.3294],[76.8121,43.3547],[76.8493,43.3521],[76.8626,43.3364],[76.8822,43.331],[76.909,43.351],[76.9309,43.3771],[76.9631,43.3794],[77.0004,43.3979],[77.0112,43.3804],[77.0115,43.3598],[77.0448,43.363],[77.0414,43.3379],[77.0255,43.3199],[77.0404,43.3103],[77.01,43.2906],[77.0168,43.2596],[77.0591,43.2168],[77.0688,43.1969],[77.0969,43.184],[77.1134,43.1993],[77.1382,43.1981],[77.147,43.1782],[77.1222,43.1668],[77.1171,43.1516],[77.0698,43.1648],[77.0629,43.1449],[77.1074,43.1177],[77.08,43.1011],[77.0896,43.0709],[77.0772,43.0338],[77.0569,43.0328],[77.0299,43.0431],[76.9572,43.053],[76.9667,43.0651],[76.9566,43.0821],[76.9007,43.0839],[76.8989,43.1136],[76.89,43.1273],[76.8516,43.129],[76.8081,43.1357],[76.7946,43.1571],[76.7928,43.1752]]]},"properties":{"osm_id":"relation/215718","iso":"KZ-19","admin_level":4,"name_kk":"Алматы облысы","name_ru":"Алматинская область","name_en":"Almaty Region","kind":"region"}},
{"type":"Feature","geometry":{"type":"Polygon","coordinates":[[[74.0606,46.001],[73.7282,46.0016],[73.5447,46.0003],[72.8071,46.0016],[72.0919,46.0027],[71.549,46.0053],[71.326,46.0073],[69.0671,45.9999],[69.25,45.7692],[69.2666,45.7694],[69.2916,45.7014],[69.3586,45.4974],[69.4644,45.3384],[69.5388,45.1549],[69.5925,44.9559],[69.6527,44.888],[69.6675,44.8206],[69.6984,44.7111],[69.717,44.6539],[69.8248,44.1606],[69.7682,44.1248],[69.7642,44.0988],[69.7443,44.0687],[69.7068,44.0273],[69.7337,43.9875],[69.7145,43.9588],[69.7017,43.9261],[69.693,43.8771],[69.6827,43.8418],[69.679,43.8036],[69.6804,43.7635],[69.6446,43.7249],[69.6159,43.6765],[69.6008,43.6422],[69.5573,43.5559],[69.5158,43.509],[69.4916,43.4957],[69.4655,43.4697],[69.4505,43.4638],[69.4339,43.4313],[69.483,43.4213],[69.5084,43.423],[69.5424,43.412],[69.5269,43.3696],[69.5354,43.3306],[69.5294,43.3094],[69.5399,43.2985],[69.562,43.2969],[69.6208,43.306],[69.6374,43.2838],[69.6313,43.2634],[69.6481,43.2495],[69.6729,43.2608],[69.7311,43.2594],[69.7639,43.2414],[69.7817,43.2437],[69.8214,43.2336],[69.8484,43.2679],[69.8859,43.2584],[69.9169,43.2113],[69.9423,43.2071],[69.9796,43.215],[69.9896,43.2126],[70.009,43.182],[70.0044,43.1705],[70.0478,43.1489],[70.0733,43.1496],[70.0727,43.13],[70.0639,43.1169],[70.1245,43.0738],[70.15,43.0926],[70.1727,43.0686],[70.1773,43.0541],[70.1446,43.0282],[70.1742,43.0191],[70.192,42.983],[70.2072,42.9666],[70.1988,42.9536],[70.2246,42.9429],[70.2288,42.9236],[70.2213,42.904],[70.236,42.8843],[70.2019,42.8564],[70.2159,42.8277],[70.1939,42.8112],[70.2344,42.7937],[70.2066,42.747],[70.238,42.7206],[70.2945,42.7191],[70.3252,42.6948],[70.346,42.6962],[70.3798,42.6852],[70.4097,42.6548],[70.446,42.648],[70.491,42.6171],[70.5183,42.6024],[70.5247,42.5845],[70.542,42.5857],[70.5568,42.5559],[70.5842,42.5484],[70.6199,42.5316],[70.6439,42.5014],[70.6559,42.4688],[70.6669,42.4522],[70.6914,42.4504],[70.7219,42.4588],[70.7394,42.4512],[70.7714,42.4503],[70.7871,42.4387],[70.7934,42.4142],[70.7789,42.3926],[70.8076,42.3683],[70.8237,42.3433],[70.8431,42.3263],[70.8656,42.3201],[70.8813,42.3275],[70.8813,42.343],[70.8979,42.3664],[70.9305,42.3806],[70.9319,42.3899],[70.9553,42.4021],[70.934,42.42],[70.9514,42.4303],[70.9663,42.4715],[70.9817,42.4978],[71.0755,42.4726],[71.089,42.4844],[71.044,42.534],[71.0004,42.5583],[71.0017,42.5855],[71.0522,42.5996],[71.1013,42.5997],[71.1567,42.6052],[71.1797,42.6104],[71.1818,42.6636],[71.231,42.6921],[71.2748,42.7418],[71.2668,42.77],[71.3131,42.7634],[71.3333,42.7558],[71.35,42.7664],[71.3695,42.762],[71.3813,42.798],[71.421,42.7965],[71.4667,42.7851],[71.4987,42.7952],[71.5086,42.7919],[71.5418,42.8083],[71.5605,42.7841],[71.5801,42.7854],[71.5969,42.7729],[71.6506,42.793],[71.6819,42.8172],[71.7066,42.8111],[71.7412,42.8138],[71.8361,42.8386],[71.9048,42.8198],[71.939,42.8141],[71.9541,42.7988],[71.9847,42.7841],[72.021,42.7734],[72.0569,42.7689],[72.0886,42.7443],[72.1204,42.7365],[72.1451,42.7397],[72.1661,42.7544],[72.1911,42.7505],[72.232,42.7603],[72.282,42.7593],[72.4018,42.7199],[72.4156,42.7102],[72.458,42.7041],[72.4836,42.6899],[72.4984,42.6742],[72.5209,42.6837],[72.543,42.6786],[72.5912,42.6871],[72.6519,42.6735],[72.6572,42.6648],[72.7198,42.6431],[72.7367,42.6466],[72.7593,42.6308],[72.7684,42.6132],[72.7999,42.5887],[72.8095,42.5702],[72.8378,42.5548],[72.8698,42.5591],[72.8919,42.5411],[72.9158,42.535],[72.9375,42.5373],[72.9805,42.53],[73.022,42.5391],[73.0506,42.5333],[73.0837,42.542],[73.1287,42.5385],[73.2263,42.5158],[73.2336,42.5232],[73.2793,42.511],[73.3156,42.505],[73.31,42.477],[73.3122,42.4414],[73.3585,42.4258],[73.381,42.4218],[73.4046,42.4256],[73.4432,42.425],[73.4664,42.4096],[73.5208,42.4218],[73.5167,42.4354],[73.4972,42.4595],[73.4781,42.463],[73.4611,42.4892],[73.4333,42.5183],[73.4175,42.5693],[73.4275,42.5989],[73.4205,42.6149],[73.4237,42.6418],[73.4427,42.6643],[73.4456,42.6869],[73.4663,42.7308],[73.5006,42.7658],[73.5098,42.8082],[73.5128,42.8491],[73.5045,42.8862],[73.4942,42.8944],[73.4959,42.9191],[73.5344,42.9442],[73.5486,42.9668],[73.5385,42.9753],[73.5353,43.0071],[73.5498,43.0284],[73.6203,43.0503],[73.6374,43.0585],[73.6922,43.0736],[73.7634,43.1067],[73.7946,43.1129],[73.8254,43.1283],[73.8381,43.1177],[73.9055,43.1097],[73.9282,43.1464],[73.9467,43.1622],[73.9595,43.2006],[73.9549,43.2102],[73.9705,43.2228],[74.0136,43.1947],[74.0422,43.1721],[74.0766,43.1868],[74.1701,43.1988],[74.2108,43.1959],[74.222,43.2052],[74.1927,43.2555],[74.2042,43.2669],[74.2305,43.2519],[74.2497,43.2547],[74.2637,43.2436],[74.2938,43.2419],[74.3084,43.2163],[74.3405,43.2115],[74.3593,43.1975],[74.3846,43.1974],[74.4047,43.1884],[74.4161,43.1703],[74.4749,43.153],[74.4962,43.1574],[74.5141,43.1439],[74.5773,43.1329],[74.6011,43.1084],[74.6154,43.0851],[74.6334,43.0804],[74.6439,43.0598],[74.6718,43.0415],[74.6945,43.0377],[74.7271,43.0047],[74.7517,42.9898],[74.7848,43.0017],[74.8533,42.9999],[74.9605,42.9536],[74.9959,42.9418],[75.0369,42.9206],[75.0515,42.9229],[75.0819,42.9144],[75.1369,42.8854],[75.1909,42.8751],[75.1972,42.8652],[75.2313,42.8536],[75.2618,42.8607],[75.3364,42.8555],[75.419,42.8396],[75.4682,42.8362],[75.4825,42.8434],[75.518,42.8345],[75.5703,42.8305],[75.7168,42.7973],[75.7614,42.8335],[75.7724,42.8541],[75.7863,42.8992],[75.8235,42.9403],[75.7728,42.9407],[75.775,42.964],[75.7236,42.9566],[75.6949,42.9616],[75.6566,42.9753],[75.6561,42.9807],[75.5468,42.9816],[75.6012,42.9992],[75.6561,43.0437],[75.6515,43.0503],[75.611,43.0589],[75.5966,43.0707],[75.5532,43.0856],[75.5326,43.0826],[75.4997,43.1046],[75.4539,43.1235],[75.4232,43.1205],[75.4011,43.1254],[75.3439,43.1498],[75.3306,43.1953],[75.2945,43.2133],[75.3306,43.2529],[75.2811,43.2631],[75.2777,43.3154],[75.2941,43.3757],[75.3076,43.3877],[75.3498,43.4048],[75.419,43.471],[75.4192,43.4761],[75.3887,43.5349],[75.3432,43.5342],[75.3054,43.529],[75.2424,43.5367],[75.2387,43.5905],[75.1809,43.5907],[75.1841,43.5433],[75.133,43.5663],[75.0854,43.5691],[75.0313,43.5989],[74.9972,43.6103],[74.9973,43.651],[75.1983,43.7735],[75.2435,43.8109],[75.2681,43.8246],[75.2695,43.8437],[75.2853,43.8613],[75.2769,43.8918],[75.273,43.9487],[75.3068,43.9873],[75.3158,44.0184],[75.314,44.0833],[75.3071,44.148],[75.2138,44.1942],[75.1267,44.26],[75.1128,44.2604],[75.0928,44.2773],[75.0365,44.3085],[75.0042,44.317],[74.9415,44.3436],[74.751,44.3578],[74.5197,44.4858],[74.5107,44.5228],[74.4938,44.5261],[74.5201,44.5831],[74.5122,44.6669],[74.5226,44.6987],[74.4026,44.8012],[74.3893,44.7953],[74.3057,44.849],[74.2367,44.872],[74.1966,44.8949],[74.1335,44.9133],[74.1394,44.9534],[74.1182,44.968],[74.0875,45.1271],[73.893,45.1252],[73.755,45.1044],[73.722,45.2208],[73.7527,45.2888],[74.031,45.288],[73.9842,45.3816],[73.9015,45.7465],[74.0147,45.8904],[74.0606,46.001]]]},"properties":{"osm_id":"relation/215722","iso":"KZ-31","admin_level":4,"name_kk":"Жамбыл облысы","name_ru":"Жамбылская область","name_en":"Jambyl Region","kind":"region"}},
{"type":"Feature","geometry":{"type":"Polygon","coordinates":[[[59.0973,45.3218],[59.8449,44.9844],[60.5838,44.6418],[60.8731,44.4807],[61.0669,44.3717],[61.1076,44.3605],[61.1381,44.2248],[61.4254,43.9995],[61.928,43.572],[62.0041,43.5054],[62.2425,43.5186],[63.3491,43.6505],[63.8576,43.5993],[64.5349,43.5707],[64.7231,43.6494],[64.9323,43.7354],[65.0022,43.7154],[65.1849,43.4952],[65.4955,43.3329],[65.5321,43.3151],[65.5593,43.2895],[65.7418,42.9998],[65.8442,42.8583],[66.0967,42.9381],[66.095,42.5662],[66.0707,42.3379],[66.1485,42.3227],[66.5775,42.5778],[66.9849,42.8163],[67.1243,42.8985],[67.2243,42.9512],[67.8249,43.178],[67.8741,43.2118],[67.845,43.2168],[67.8249,43.2272],[67.7882,43.2233],[67.7927,43.2354],[67.8185,43.243],[67.8279,43.2563],[67.7868,43.2564],[67.793,43.2808],[67.8169,43.294],[67.7925,43.3109],[67.7936,43.3293],[67.7787,43.3353],[67.748,43.3324],[67.7151,43.3466],[67.7082,43.3675],[67.6842,43.3535],[67.6792,43.3314],[67.6595,43.3426],[67.6672,43.3671],[67.6641,43.3831],[67.725,43.4073],[67.7507,43.4718],[67.7341,43.4802],[67.7935,43.5638],[67.8138,43.563],[67.8382,43.6392],[67.8239,43.7437],[67.8457,43.7421],[67.8838,43.7289],[67.8988,43.705],[67.9354,43.7061],[67.9715,43.737],[67.9719,43.7705],[67.9793,43.8025],[67.955,43.87],[67.9211,43.8755],[67.9216,43.8865],[67.9656,43.935],[68.0263,43.9625],[68.0505,44.0003],[68.0603,44.0265],[68.0398,44.0328],[68.0042,44.063],[67.958,44.0783],[67.9162,44.0986],[67.9064,44.1157],[67.887,44.1323],[67.8069,44.1662],[67.7866,44.2033],[67.7564,44.2221],[67.741,44.2638],[67.7334,44.272],[67.6307,44.3112],[67.583,44.2951],[67.5593,44.312],[67.4824,44.3526],[67.462,44.3678],[67.4874,44.4219],[67.509,44.4334],[67.5085,44.4671],[67.5259,44.6491],[67.5268,44.6785],[67.5106,44.8134],[67.5223,44.8366],[67.5063,45.0484],[67.5162,45.1478],[67.3909,45.1818],[67.3252,45.2224],[67.2171,45.2719],[67.1745,45.3001],[67.1786,45.3212],[67.167,45.3349],[67.1682,45.3512],[67.2031,45.3828],[67.2403,45.3956],[67.2471,45.4182],[67.2335,45.431],[67.2638,45.4696],[67.2582,45.4886],[67.2647,45.5031],[67.2567,45.5717],[67.2623,45.5964],[67.2908,45.614],[67.2872,45.6376],[67.3007,45.6605],[67.2856,45.666],[67.2935,45.6874],[67.3189,45.6976],[67.3359,45.717],[67.3421,45.7423],[67.3654,45.7575],[67.3481,45.7937],[67.3261,45.8029],[67.3148,45.8341],[67.3041,45.8488],[67.2783,45.8472],[67.2671,45.8664],[67.2374,45.8861],[67.2414,45.8993],[67.204,45.9156],[67.1753,45.9342],[67.1631,45.9557],[67.1794,45.9746],[67.1673,45.9944],[67.175,46.0005],[67.1609,46.0307],[67.1826,46.0447],[67.156,46.0667],[67.1572,46.0889],[67.1438,46.1076],[67.1576,46.1265],[67.1368,46.1433],[66.9017,46.1725],[66.6769,46.1586],[66.39,46.1625],[66.0412,46.1802],[66.0027,46.176],[65.8926,46.178],[65.6982,46.2099],[65.586,46.2127],[65.5506,46.2361],[65.3726,46.3117],[65.1408,46.4765],[64.9418,46.5014],[64.4473,46.6889],[64.1789,46.742],[64.03,46.7952],[63.8486,46.8356],[63.8039,46.8308],[63.7608,46.8401],[63.7395,46.8301],[63.5338,46.9198],[63.5089,46.9289],[63.4473,46.9365],[63.3031,46.9715],[63.213,47.0302],[63.3706,47.0642],[63.4071,47.1135],[63.0183,47.1992],[62.9501,47.1908],[62.8901,47.1773],[62.8602,47.2147],[62.5871,47.2409],[62.5812,47.2423],[62.6057,47.3284],[62.3326,47.5311],[62.2125,47.5456],[62.0758,47.7233],[61.9249,47.8277],[61.3598,47.8188],[61.3142,47.7901],[61.001,47.2347],[60.9235,47.1103],[60.7025,47.1041],[60.5313,47.1167],[60.495,47.1218],[60.4844,47.0018],[60.4744,46.9108],[60.3273,46.9132],[60.1642,46.8992],[60.1296,46.8949],[60.0132,46.8154],[59.7693,46.6625],[59.5614,46.5],[59.4998,46.4422],[59.4738,46.4136],[59.294,46.2357],[59.1118,46.053],[59.0306,46.007],[59.0638,45.6666],[59.0973,45.3218]]]},"properties":{"osm_id":"relation/215727","iso":"KZ-43","admin_level":4,"name_kk":"Қызылорда облысы","name_ru":"Кызылординская область","name_en":"Kyzylorda Region","kind":"region"}},
{"type":"Feature","geometry":{"type":"Polygon","coordinates":[[[69.0671,45.9999],[68.9978,45.9996],[68.2379,46.0003],[67.6523,46.0001],[67.175,46.0005],[67.1673,45.9944],[67.1794,45.9746],[67.1631,45.9557],[67.1753,45.9342],[67.204,45.9156],[67.2414,45.8993],[67.2374,45.8861],[67.2671,45.8664],[67.2783,45.8472],[67.3041,45.8488],[67.3148,45.8341],[67.3261,45.8029],[67.3481,45.7937],[67.3654,45.7575],[67.3421,45.7423],[67.3359,45.717],[67.3189,45.6976],[67.2935,45.6874],[67.2856,45.666],[67.3007,45.6605],[67.2872,45.6376],[67.2908,45.614],[67.2623,45.5964],[67.2567,45.5717],[67.2647,45.5031],[67.2582,45.4886],[67.2638,45.4696],[67.2335,45.431],[67.2471,45.4182],[67.2403,45.3956],[67.2031,45.3828],[67.1682,45.3512],[67.167,45.3349],[67.1786,45.3212],[67.1745,45.3001],[67.2171,45.2719],[67.3252,45.2224],[67.3909,45.1818],[67.5162,45.1478],[67.5063,45.0484],[67.5223,44.8366],[67.5106,44.8134],[67.5268,44.6785],[67.5259,44.6491],[67.5085,44.4671],[67.509,44.4334],[67.4874,44.4219],[67.462,44.3678],[67.4824,44.3526],[67.5593,44.312],[67.583,44.2951],[67.6307,44.3112],[67.7334,44.272],[67.741,44.2638],[67.7564,44.2221],[67.7866,44.2033],[67.8069,44.1662],[67.887,44.1323],[67.9064,44.1157],[67.9162,44.0986],[67.958,44.0783],[68.0042,44.063],[68.0398,44.0328],[68.0603,44.0265],[68.0505,44.0003],[68.0263,43.9625],[67.9656,43.935],[67.9216,43.8865],[67.9211,43.8755],[67.955,43.87],[67.9793,43.8025],[67.9719,43.7705],[67.9715,43.737],[67.9354,43.7061],[67.8988,43.705],[67.8838,43.7289],[67.8457,43.7421],[67.8239,43.7437],[67.8382,43.6392],[67.8138,43.563],[67.7935,43.5638],[67.7341,43.4802],[67.7507,43.4718],[67.725,43.4073],[67.6641,43.3831],[67.6672,43.3671],[67.6595,43.3426],[67.6792,43.3314],[67.6842,43.3535],[67.7082,43.3675],[67.7151,43.3466],[67.748,43.3324],[67.7787,43.3353],[67.7936,43.3293],[67.7925,43.3109],[67.8169,43.294],[67.793,43.2808],[67.7868,43.2564],[67.8279,43.2563],[67.8185,43.243],[67.7927,43.2354],[67.7882,43.2233],[67.8249,43.2272],[67.845,43.2168],[67.8741,43.2118],[67.8249,43.178],[67.2243,42.9512],[67.1243,42.8985],[66.9849,42.8163],[66.5775,42.5778],[66.1485,42.3227],[66.0707,42.3379],[66.0019,42.3607],[65.9987,41.9372],[66.5331,41.8769],[66.6067,41.4938],[66.6454,41.3477],[66.7092,41.1425],[66.9996,41.1408],[67.0157,41.1374],[67.3129,41.1348],[67.3651,41.127],[67.5696,41.1674],[67.6852,41.1709],[67.7351,41.182],[67.8133,41.1574],[67.8667,41.1355],[67.8918,41.1522],[67.9655,41.149],[67.987,41.0925],[67.9833,41.0249],[68.0204,41.0205],[68.0236,41.0367],[68.0517,41.0418],[68.0639,41.0719],[68.0851,41.0802],[68.1123,41.0668],[68.1188,41.047],[68.1108,41.0363],[68.0884,41.0307],[68.0555,41.0092],[68.0823,41.0013],[68.074,40.9861],[68.0879,40.9701],[68.0631,40.9456],[68.0914,40.942],[68.0887,40.9256],[68.0402,40.9077],[68.0126,40.8906],[68.0061,40.8607],[67.9728,40.8619],[67.9816,40.8405],[67.9775,40.8312],[68.0242,40.8005],[68.0753,40.7901],[68.1587,40.7251],[68.2174,40.6877],[68.2969,40.6569],[68.3711,40.6174],[68.4111,40.6147],[68.4371,40.5964],[68.4687,40.5886],[68.4815,40.571],[68.5022,40.5797],[68.5631,40.5792],[68.5817,40.5687],[68.6105,40.5771],[68.6412,40.5995],[68.6519,40.6141],[68.6222,40.6303],[68.6425,40.6383],[68.6487,40.6763],[68.6438,40.6941],[68.6189,40.6979],[68.6091,40.7078],[68.5839,40.7091],[68.5859,40.7798],[68.5624,40.8057],[68.5647,40.8491],[68.5905,40.8653],[68.5767,40.8972],[68.5821,40.925],[68.5487,40.9469],[68.5178,40.9425],[68.5093,40.9729],[68.4973,40.9791],[68.5044,40.9999],[68.5265,41.0203],[68.5598,41.0072],[68.5895,41.0288],[68.6074,41.0305],[68.6094,41.0119],[68.6285,40.9973],[68.6622,40.9949],[68.6704,40.9809],[68.6334,40.9733],[68.6269,40.9661],[68.6437,40.9429],[68.6657,40.9572],[68.6977,40.9673],[68.7286,40.9697],[68.7548,40.9943],[68.7137,41.0359],[68.722,41.0503],[68.8033,41.1154],[68.8597,41.1439],[68.8818,41.1596],[68.9319,41.1828],[68.9378,41.191],[68.9866,41.2109],[68.9973,41.2251],[69.0235,41.2245],[69.0383,41.2662],[69.0171,41.2734],[69.0183,41.2982],[69.045,41.31],[69.0396,41.3274],[69.0467,41.3495],[69.0214,41.3555],[69.079,41.3771],[69.0966,41.3586],[69.1054,41.3828],[69.1161,41.3923],[69.1493,41.3934],[69.1691,41.4002],[69.1619,41.4332],[69.1946,41.4543],[69.2501,41.4663],[69.2624,41.4527],[69.3012,41.4378],[69.36,41.4695],[69.3799,41.4654],[69.4049,41.4696],[69.4165,41.4634],[69.4518,41.4625],[69.4546,41.4846],[69.3977,41.507],[69.4067,41.5242],[69.4277,41.5407],[69.4451,41.5632],[69.4609,41.5688],[69.4812,41.551],[69.5014,41.5477],[69.527,41.5628],[69.5639,41.6063],[69.5765,41.6295],[69.6049,41.6464],[69.6179,41.6633],[69.6494,41.6704],[69.6975,41.674],[69.7456,41.7008],[69.7731,41.6966],[69.8391,41.7205],[69.8823,41.7066],[69.9014,41.7091],[69.9577,41.7338],[69.9573,41.7503],[69.9718,41.7565],[69.9808,41.7808],[70.0214,41.7959],[70.0425,41.7757],[70.051,41.7994],[70.0769,41.8087],[70.1041,41.8381],[70.1577,41.8495],[70.1845,41.8644],[70.1811,41.8831],[70.2274,41.9172],[70.2235,41.9284],[70.2614,41.9543],[70.3353,41.9747],[70.3301,41.9971],[70.333,42.015],[70.3196,42.0368],[70.3509,42.0508],[70.3725,42.0686],[70.4009,42.0694],[70.4421,42.0918],[70.459,42.085],[70.476,42.1093],[70.5275,42.0852],[70.5499,42.0677],[70.5594,42.0235],[70.587,42.0102],[70.6066,42.0069],[70.6348,42.0206],[70.6516,42.0414],[70.6557,42.0614],[70.678,42.0935],[70.6872,42.1211],[70.7072,42.1303],[70.7258,42.1478],[70.726,42.1573],[70.7535,42.176],[70.7521,42.1938],[70.7984,42.2075],[70.8316,42.1952],[70.8546,42.2079],[70.8837,42.2107],[70.9348,42.2506],[70.9336,42.2697],[70.9123,42.2612],[70.8909,42.2632],[70.8917,42.2815],[70.8652,42.2998],[70.8656,42.3201],[70.8431,42.3263],[70.8237,42.3433],[70.8076,42.3683],[70.7789,42.3926],[70.7934,42.4142],[70.7871,42.4387],[70.7714,42.4503],[70.7394,42.4512],[70.7219,42.4588],[70.6914,42.4504],[70.6669,42.4522],[70.6559,42.4688],[70.6439,42.5014],[70.6199,42.5316],[70.5842,42.5484],[70.5568,42.5559],[70.542,42.5857],[70.5247,42.5845],[70.5183,42.6024],[70.491,42.6171],[70.446,42.648],[70.4097,42.6548],[70.3798,42.6852],[70.346,42.6962],[70.3252,42.6948],[70.2945,42.7191],[70.238,42.7206],[70.2066,42.747],[70.2344,42.7937],[70.1939,42.8112],[70.2159,42.8277],[70.2019,42.8564],[70.236,42.8843],[70.2213,42.904],[70.2288,42.9236],[70.2246,42.9429],[70.1988,42.9536],[70.2072,42.9666],[70.192,42.983],[70.1742,43.0191],[70.1446,43.0282],[70.1773,43.0541],[70.1727,43.0686],[70.15,43.0926],[70.1245,43.0738],[70.0639,43.1169],[70.0727,43.13],[70.0733,43.1496],[70.0478,43.1489],[70.0044,43.1705],[70.009,43.182],[69.9896,43.2126],[69.9796,43.215],[69.9423,43.2071],[69.9169,43.2113],[69.8859,43.2584],[69.8484,43.2679],[69.8214,43.2336],[69.7817,43.2437],[69.7639,43.2414],[69.7311,43.2594],[69.6729,43.2608],[69.6481,43.2495],[69.6313,43.2634],[69.6374,43.2838],[69.6208,43.306],[69.562,43.2969],[69.5399,43.2985],[69.5294,43.3094],[69.5354,43.3306],[69.5269,43.3696],[69.5424,43.412],[69.5084,43.423],[69.483,43.4213],[69.4339,43.4313],[69.4505,43.4638],[69.4655,43.4697],[69.4916,43.4957],[69.5158,43.509],[69.5573,43.5559],[69.6008,43.6422],[69.6159,43.6765],[69.6446,43.7249],[69.6804,43.7635],[69.679,43.8036],[69.6827,43.8418],[69.693,43.8771],[69.7017,43.9261],[69.7145,43.9588],[69.7337,43.9875],[69.7068,44.0273],[69.7443,44.0687],[69.7642,44.0988],[69.7682,44.1248],[69.8248,44.1606],[69.717,44.6539],[69.6984,44.7111],[69.6675,44.8206],[69.6527,44.888],[69.5925,44.9559],[69.5388,45.1549],[69.4644,45.3384],[69.3586,45.4974],[69.2916,45.7014],[69.2666,45.7694],[69.25,45.7692],[69.0671,45.9999]],[[69.3502,42.3097],[69.3218,42.3098],[69.3033,42.3223],[69.3191,42.349],[69.3045,42.3645],[69.3257,42.3757],[69.3642,42.377],[69.3805,42.3831],[69.3906,42.3982],[69.3892,42.4134],[69.4033,42.4206],[69.4224,42.4169],[69.4306,42.4325],[69.4636,42.4513],[69.4502,42.4662],[69.4637,42.4786],[69.5328,42.4782],[69.5541,42.468],[69.5923,42.4583],[69.7136,42.4394],[69.7307,42.4262],[69.7241,42.4166],[69.7713,42.3906],[69.7803,42.3752],[69.818,42.3556],[69.8326,42.3357],[69.8723,42.3313],[69.9002,42.3034],[69.9235,42.2962],[69.9296,42.2769],[69.8803,42.2853],[69.8648,42.2678],[69.826,42.2669],[69.8027,42.2491],[69.8259,42.2271],[69.8268,42.2138],[69.8026,42.193],[69.7849,42.2145],[69.7523,42.2024],[69.7618,42.2274],[69.747,42.2318],[69.7109,42.2286],[69.6916,42.1923],[69.6584,42.1988],[69.6473,42.164],[69.6162,42.1602],[69.6091,42.1466],[69.6119,42.1279],[69.5768,42.1388],[69.5682,42.1324],[69.5179,42.1364],[69.5133,42.1241],[69.4801,42.1254],[69.4826,42.1393],[69.445,42.1517],[69.4256,42.1668],[69.4172,42.191],[69.3955,42.2202],[69.3367,42.2292],[69.3702,42.2494],[69.3532,42.279],[69.3502,42.3097]]]},"properties":{"osm_id":"relation/215739","iso":"KZ-61","admin_level":4,"name_kk":"Түркістан облысы","name_ru":"Туркестанская область","name_en":"Turkistan Region","kind":"region"}},
{"type":"Feature","geometry":{"type":"Polygon","coordinates":[[[67.9363,50.5578],[67.9344,50.5802],[67.943,50.5953],[67.9357,50.6104],[67.9181,50.6185],[67.9168,50.657],[67.947,50.6532],[67.9878,50.6605],[68.0291,50.6554],[68.0461,50.6611],[68.0817,50.6304],[68.116,50.619],[68.1451,50.6189],[68.1759,50.6344],[68.2106,50.6418],[68.2182,50.6501],[68.2559,50.6571],[68.3278,50.7116],[68.3305,50.7233],[68.3728,50.7391],[68.4313,50.7557],[68.4611,50.7583],[68.4815,50.767],[68.4775,50.7775],[68.5124,50.8041],[68.8013,50.7995],[68.7924,50.5601],[68.7734,50.5481],[68.7495,50.5124],[68.7606,50.471],[68.7368,50.42],[68.7298,50.3019],[68.6906,50.2766],[68.6739,50.244],[68.7162,50.2441],[68.7517,50.2392],[68.7503,50.214],[68.7889,50.2213],[68.8243,50.2023],[68.852,50.2053],[68.9651,50.1763],[69.0505,50.1906],[69.0813,50.1792],[69.0813,50.195],[69.109,50.197],[69.1528,50.1781],[69.1646,50.2325],[69.1845,50.26],[69.2142,50.2372],[69.2594,50.2348],[69.3041,50.246],[69.2936,50.3034],[69.245,50.3],[69.2662,50.3583],[69.3722,50.3876],[69.4212,50.3336],[69.4471,50.377],[69.4855,50.3615],[69.5188,50.2952],[69.5845,50.289],[69.6007,50.2824],[69.6013,50.1976],[69.6215,50.194],[69.6744,50.1957],[69.6984,50.1901],[69.7146,50.1999],[69.7392,50.1956],[69.7961,50.2087],[69.9916,50.2383],[70.0616,50.2576],[70.0944,50.2322],[70.1114,50.2004],[70.1439,50.2167],[70.1732,50.1987],[70.1447,50.1704],[70.1324,50.126],[70.1148,50.1116],[70.1348,50.087],[70.1109,50.067],[70.1227,50.0454],[70.1481,50.0392],[70.178,50.041],[70.2122,50.0532],[70.2989,50.0601],[70.3202,50.0734],[70.3375,50.0696],[70.3502,50.0842],[70.388,50.0928],[70.4384,50.0968],[70.5278,50.1332],[70.5483,50.149],[70.4753,50.2347],[70.6268,50.2879],[70.6488,50.2928],[70.6721,50.285],[70.73,50.2312],[70.7506,50.2502],[70.7519,50.2872],[70.77,50.3922],[70.7695,50.4413],[70.7956,50.4405],[70.8426,50.4606],[70.8537,50.477],[70.9206,50.4686],[71.0639,50.5075],[71.0584,50.5568],[71.1274,50.6092],[71.2116,50.6063],[71.2288,50.6517],[71.3314,50.6516],[71.3281,50.6752],[71.3402,50.7014],[71.3354,50.7218],[71.4074,50.7501],[71.414,50.7456],[71.4761,50.7601],[71.5268,50.7936],[71.5411,50.7918],[71.5554,50.7733],[71.6515,50.7889],[71.6585,50.7549],[71.7136,50.7467],[71.7357,50.7543],[71.7951,50.6938],[71.8177,50.7027],[71.8366,50.6827],[71.821,50.6633],[71.7926,50.6525],[71.7591,50.6265],[71.7692,50.6173],[71.8015,50.61],[71.8164,50.5893],[71.787,50.5557],[71.7798,50.5056],[71.773,50.49],[71.7399,50.4528],[71.721,50.4452],[71.7102,50.4291],[71.7997,50.4241],[71.8086,50.4651],[72.0117,50.4669],[72.059,50.445],[72.1021,50.413],[72.1228,50.4095],[72.1171,50.4453],[72.1848,50.4511],[72.1944,50.4564],[72.17,50.5393],[72.2362,50.5619],[72.2668,50.5937],[72.379,50.5561],[72.4458,50.5649],[72.4787,50.608],[72.4614,50.6235],[72.4288,50.6385],[72.4033,50.6566],[72.3992,50.6778],[72.4754,50.7369],[72.4949,50.7442],[72.505,50.7233],[72.5245,50.7345],[72.6624,50.7496],[72.7016,50.8051],[72.7169,50.8186],[72.7218,50.8356],[72.7524,50.8457],[72.7924,50.8874],[72.9796,50.8617],[73.0051,50.8831],[73.0504,50.8927],[73.1692,50.9216],[73.1704,50.9934],[73.2383,51.0015],[73.2837,51.0114],[73.3325,51.0138],[73.4139,51.0309],[73.4437,51.0571],[73.4763,51.0657],[73.4983,51.0925],[73.5189,51.0963],[73.5461,51.1129],[73.5783,51.1224],[73.4368,51.1788],[73.388,51.1601],[73.3613,51.163],[73.347,51.125],[73.3201,51.1206],[73.3125,51.1514],[73.2809,51.1744],[73.2488,51.2315],[73.1967,51.2159],[73.1573,51.2759],[73.1969,51.2895],[73.2241,51.3046],[73.267,51.2741],[73.3078,51.2745],[73.36,51.2847],[73.3614,51.2972],[73.3922,51.3037],[73.428,51.2556],[73.4396,51.2968],[73.4732,51.3096],[73.534,51.3078],[73.6684,51.2792],[73.6837,51.2961],[73.6881,51.3248],[73.6988,51.3406],[73.7174,51.3466],[73.7254,51.3609],[73.7457,51.364],[73.8177,51.3953],[73.8048,51.424],[73.8101,51.4379],[73.9856,51.5014],[74.0472,51.5093],[74.1343,51.5132],[74.1635,51.5302],[74.2617,51.5241],[74.2506,51.5629],[74.0994,51.5947],[74.0369,51.5989],[74.0076,51.6425],[73.9059,51.6283],[73.793,51.6232],[73.778,51.628],[73.7882,51.6525],[73.8051,51.6656],[73.7868,51.7037],[73.7989,51.7318],[73.7984,51.7525],[73.8143,51.7664],[73.8166,51.7898],[73.8091,51.8032],[73.8366,51.8063],[73.9049,51.8503],[73.9331,51.8777],[73.9672,51.8929],[74.0291,51.8911],[74.0313,51.9318],[74.0003,51.9323],[73.9996,52.1645],[74.0028,52.3115],[73.9995,52.3404],[74.0003,52.4538],[73.9993,52.5438],[73.9207,52.544],[73.9208,52.5932],[73.5294,52.6027],[73.4914,52.6659],[73.4301,52.6557],[73.3916,52.6995],[73.3216,52.7095],[73.2468,52.7045],[73.2076,52.7176],[73.1181,52.7301],[73.0646,52.7493],[72.9111,52.7141],[72.9313,52.9226],[72.8969,52.933],[72.878,53.0107],[72.8549,53.0185],[72.812,53.0207],[72.7841,53.0139],[72.7646,53.0199],[72.7133,53.0062],[72.6823,53.0147],[72.6095,53.0039],[72.5365,52.984],[72.4903,52.9847],[72.4502,52.978],[72.2016,53.0129],[72.2034,52.8921],[72.1049,52.8651],[71.9155,52.8542],[71.8232,52.8926],[71.7982,52.8963],[71.7727,52.9145],[71.7619,52.9413],[71.7787,52.9826],[71.7426,52.9787],[71.6684,52.9463],[71.6229,53.0307],[71.606,53.0422],[71.7193,53.0762],[71.6958,53.1348],[71.7387,53.2127],[71.6714,53.2934],[71.6319,53.3081],[71.6052,53.4021],[71.5745,53.4214],[71.5475,53.4162],[71.4958,53.3978],[71.429,53.3842],[71.404,53.3705],[71.3847,53.3479],[71.3186,53.3272],[71.2915,53.3267],[71.2769,53.3151],[71.2448,53.3045],[71.1859,53.3171],[71.1455,53.3163],[71.1458,53.3286],[71.0117,53.331],[71.0626,53.4218],[71.0229,53.428],[70.5829,53.4305],[70.5837,53.3341],[70.5335,53.3341],[70.4471,53.3221],[70.4471,53.2787],[70.4539,53.2686],[70.4547,53.2339],[70.3666,53.2199],[70.3197,53.2269],[70.3171,53.2506],[70.2959,53.2916],[70.2434,53.3555],[70.2289,53.3674],[70.209,53.3589],[69.9964,53.3628],[70.0132,53.38],[70.0084,53.4188],[70.0701,53.4343],[70.0695,53.4867],[70.0732,53.5082],[70.0152,53.5096],[69.9782,53.523],[69.9108,53.5203],[69.8742,53.53],[69.8709,53.5196],[69.8392,53.5193],[69.8401,53.6327],[69.8022,53.6324],[69.802,53.6683],[69.6808,53.6681],[69.6808,53.6772],[69.6431,53.68],[69.5456,53.6793],[69.5448,53.6493],[69.483,53.6497],[69.478,53.6354],[69.4383,53.6349],[69.4266,53.6027],[69.3794,53.5985],[69.3798,53.5726],[69.4102,53.5722],[69.4108,53.5511],[69.4277,53.5503],[69.4183,53.5276],[69.3448,53.5122],[69.3047,53.5077],[69.3047,53.5574],[69.2706,53.5559],[69.2701,53.5695],[69.2399,53.5695],[69.2397,53.5964],[69.1346,53.5968],[69.1348,53.6773],[69.0285,53.6768],[69.0284,53.6151],[68.8907,53.6149],[68.8988,53.6443],[68.8171,53.6479],[68.8165,53.6356],[68.7307,53.6419],[68.7352,53.6099],[68.7546,53.5955],[68.7496,53.58],[68.7698,53.5678],[68.7467,53.5501],[68.651,53.5517],[68.6493,53.5043],[68.6204,53.5124],[68.6039,53.5092],[68.5838,53.4817],[68.5626,53.485],[68.5603,53.4642],[68.5304,53.4625],[68.503,53.4748],[68.48,53.4612],[68.506,53.4081],[68.4998,53.3934],[68.5181,53.38],[68.5284,53.3269],[68.5561,53.3069],[68.5814,53.3004],[68.5789,53.2723],[68.5973,53.2694],[68.6406,53.2755],[68.7061,53.2666],[68.6966,53.2097],[68.7278,53.2069],[68.7513,53.1957],[68.7417,53.1259],[68.701,53.1156],[68.7357,53.0939],[68.7835,53.0915],[68.7414,53.0311],[68.7079,53.0124],[68.6639,52.9938],[68.6272,52.9831],[68.6201,52.9705],[68.6387,52.9382],[68.6663,52.8695],[68.6405,52.8627],[68.6869,52.828],[68.6749,52.7952],[68.6563,52.7919],[68.6306,52.8012],[68.5933,52.7841],[68.5621,52.7823],[68.5379,52.7379],[68.5035,52.7389],[68.4939,52.7555],[68.4524,52.7334],[68.4167,52.7199],[68.3926,52.6564],[68.3599,52.6572],[68.338,52.6058],[68.2281,52.6067],[68.1614,52.594],[68.1389,52.5451],[67.9894,52.5444],[67.995,52.4836],[68.0384,52.4838],[68.0496,52.4607],[67.9944,52.402],[67.9995,52.3798],[67.967,52.3624],[67.9676,52.3512],[67.913,52.3768],[67.8795,52.3371],[67.9037,52.3264],[67.8601,52.2748],[67.7319,52.3472],[67.6939,52.3594],[67.5956,52.3727],[67.5375,52.4268],[67.4439,52.4288],[67.2976,52.4283],[67.2952,52.4235],[67.2959,52.2582],[67.2894,52.2537],[67.296,52.2069],[67.1094,52.2544],[67.0942,52.2558],[67.0568,52.244],[67.0215,52.2445],[66.9845,52.2508],[66.9115,52.2434],[66.8308,52.26],[66.7784,52.2814],[66.6238,52.2737],[66.5414,52.2816],[66.5643,52.3044],[66.5397,52.3686],[66.4887,52.3753],[66.4431,52.3662],[66.3496,52.3595],[66.2402,52.3325],[66.0782,52.4517],[66.0069,52.4344],[65.9986,52.2046],[65.9853,52.1962],[65.869,52.1409],[65.8546,52.0931],[65.8275,52.0163],[65.8166,51.9938],[65.7685,51.9205],[65.7605,51.8724],[65.5285,51.8019],[65.5058,51.7983],[65.3524,51.7935],[65.3831,51.6849],[65.5209,51.6843],[65.5773,51.6282],[65.5692,51.5834],[65.5372,51.514],[65.4615,51.4401],[65.5456,51.4037],[65.3875,51.3276],[65.4031,51.3016],[65.4792,51.2429],[65.4253,51.2039],[65.4504,51.1857],[65.5607,51.1362],[65.633,51.0824],[65.61,51.0546],[65.6142,51.0061],[65.5794,50.8964],[65.6046,50.8309],[65.6212,50.8268],[65.6627,50.8469],[65.7001,50.8451],[65.7206,50.8537],[65.7523,50.8479],[65.7893,50.8544],[65.8246,50.8852],[65.8619,50.9644],[65.9417,50.9426],[65.9499,50.9594],[66.003,50.9387],[66.0707,50.8876],[66.088,50.8717],[66.0843,50.8294],[66.0918,50.8148],[66.1168,50.8048],[66.1328,50.7881],[66.1565,50.8099],[66.1784,50.8001],[66.2018,50.8251],[66.2406,50.8274],[66.3156,50.6854],[66.4331,50.7107],[66.4955,50.6731],[66.64,50.627],[66.6663,50.6359],[66.7245,50.6115],[66.8502,50.645],[66.8826,50.6498],[66.9909,50.6582],[67.11,50.6224],[67.0946,50.5462],[67.0643,50.5309],[67.1312,50.3841],[67.4888,50.4506],[67.4742,50.4693],[67.527,50.4786],[67.5591,50.4905],[67.5815,50.4926],[67.6031,50.4857],[67.6502,50.4813],[67.6789,50.4869],[67.7469,50.4897],[67.7891,50.4873],[67.8347,50.4978],[67.8532,50.5125],[67.9138,50.5339],[67.9363,50.5578]],[[71.3733,50.8863],[71.4425,50.8771],[71.4362,50.8576],[71.3667,50.8669],[71.3733,50.8863]],[[71.658,51.3172],[71.6415,51.3317],[71.6839,51.3509],[71.6974,51.3353],[71.6665,51.313],[71.658,51.3172]],[[71.7851,51.1656],[71.7824,51.1505],[71.7609,51.1457],[71.7469,51.1621],[71.7851,51.1656]],[[71.3202,51.2954],[71.3362,51.2717],[71.3093,51.2638],[71.3061,51.291],[71.3202,51.2954]],[[71.711,51.0986],[71.6788,51.0854],[71.6149,51.0995],[71.5559,51.0489],[71.5397,51.0482],[71.5558,51.0154],[71.537,51.0069],[71.5381,50.9872],[71.5543,50.9683],[71.5469,50.9309],[71.4866,50.9308],[71.4509,50.9604],[71.454,51.0008],[71.3355,51.0193],[71.289,51.0217],[71.255,51.049],[71.218,51.1108],[71.2375,51.1325],[71.2362,51.1496],[71.2544,51.1582],[71.2557,51.1894],[71.2381,51.2086],[71.2603,51.2463],[71.3016,51.2332],[71.3349,51.2667],[71.3664,51.2712],[71.3556,51.2977],[71.3851,51.3023],[71.4,51.2673],[71.4281,51.2747],[71.4504,51.2716],[71.4759,51.2864],[71.4982,51.2837],[71.4717,51.2633],[71.5511,51.2431],[71.594,51.2775],[71.6186,51.2485],[71.5741,51.2204],[71.5878,51.1986],[71.6214,51.1882],[71.6452,51.1399],[71.6918,51.1396],[71.7147,51.1313],[71.7051,51.113],[71.711,51.0986]]]},"properties":{"osm_id":"relation/215743","iso":"KZ-11","admin_level":4,"name_kk":"Ақмола облысы","name_ru":"Акмолинская область","name_en":"Akmola Region","kind":"region"}},
{"type":"Feature","geometry":{"type":"MultiPolygon","coordinates":[[[[73.8865,53.0533],[73.7952,53.0756],[73.7717,53.0398],[73.786,52.9906],[73.8403,53.0109],[73.8874,52.9994],[73.8865,53.0533]]],[[[73.9208,52.5932],[73.9205,52.6267],[73.7456,52.6272],[73.6666,52.6934],[73.6894,52.6936],[73.7026,52.7168],[73.7344,52.7113],[73.7388,52.6948],[73.7748,52.6983],[73.8032,52.6939],[73.8121,52.6793],[73.8535,52.652],[73.9212,52.6528],[73.9173,52.7614],[73.9856,52.7626],[73.9831,52.8303],[74.0344,52.8332],[73.9895,52.9304],[73.8986,52.9042],[73.8697,52.8931],[73.8562,52.901],[73.7659,52.8088],[73.747,52.8196],[73.689,52.8029],[73.6661,52.8118],[73.6288,52.8142],[73.6152,52.8728],[73.5912,52.8818],[73.622,52.8963],[73.6678,52.9328],[73.6118,52.9843],[73.5358,52.9407],[73.5465,52.9685],[73.5724,52.9885],[73.5764,53.0081],[73.6486,53.0625],[73.6623,53.0982],[73.7315,53.126],[73.7436,53.1458],[73.7758,53.1657],[73.7342,53.1991],[73.6861,53.1901],[73.6527,53.2079],[73.5153,53.1374],[73.4342,53.1233],[73.43,53.1409],[73.4133,53.146],[73.4058,53.1845],[73.4141,53.246],[73.4304,53.2925],[73.5412,53.2611],[73.5843,53.263],[73.5898,53.2819],[73.5807,53.2991],[73.5187,53.3571],[73.4387,53.4354],[73.3627,53.4679],[73.3864,53.4878],[73.3972,53.5218],[73.345,53.5337],[73.3468,53.543],[73.2385,53.5673],[73.2514,53.5971],[73.2772,53.639],[73.2552,53.6408],[73.2528,53.6746],[73.3224,53.6759],[73.3419,53.7182],[73.3556,53.7664],[73.3434,53.788],[73.3993,53.7931],[73.4491,53.8071],[73.4301,53.8237],[73.4284,53.8485],[73.452,53.8763],[73.5817,53.8684],[73.691,53.8565],[73.767,54.0538],[73.6989,54.0484],[73.7036,54.066],[73.6298,54.07],[73.656,54.0449],[73.6087,54.0075],[73.5831,54.0158],[73.5188,54.0042],[73.5208,53.966],[73.5375,53.9521],[73.5056,53.9384],[73.4573,53.964],[73.4021,53.9788],[73.4035,53.9452],[73.2761,53.9428],[73.2782,53.9541],[73.2474,53.9572],[73.1925,53.9703],[73.0668,53.9855],[73.0718,54.0304],[73.0602,54.0403],[72.9786,54.0496],[72.9939,54.0978],[72.8317,54.0979],[72.8252,54.1211],[72.7236,54.1227],[72.6088,54.1369],[72.6132,54.1222],[72.5609,54.1166],[72.5327,54.0436],[72.5668,54.0389],[72.5716,54.052],[72.6802,54.0448],[72.7195,53.9996],[72.7143,53.9509],[72.6729,53.9554],[72.594,53.9717],[72.5452,53.9793],[72.4866,53.9008],[72.4298,53.9128],[72.3696,53.9447],[72.4179,53.9985],[72.4353,54.0461],[72.3971,54.0514],[72.4073,54.0782],[72.3694,54.0834],[72.3781,54.1089],[72.4335,54.1021],[72.4403,54.1204],[72.5153,54.1127],[72.5068,54.1402],[72.4175,54.1512],[72.3444,54.1789],[72.2991,54.1868],[72.337,54.2463],[72.291,54.2497],[72.3002,54.2937],[72.2797,54.3163],[72.192,54.3535],[72.034,54.3656],[72.0525,54.3378],[72.0892,54.3273],[72.0953,54.3138],[72.1356,54.3052],[72.133,54.2754],[72.1176,54.2783],[72.0858,54.2195],[72.1354,54.2097],[72.2198,54.1829],[72.1846,54.1206],[72.1013,54.1476],[72.1156,54.1737],[72.0645,54.1837],[72.0735,54.1995],[71.9483,54.2434],[71.9333,54.2288],[71.8856,54.2312],[71.752,54.2538],[71.7275,54.1875],[71.7643,54.1471],[71.7203,54.1057],[71.6721,54.1105],[71.6711,54.099],[71.6164,54.1],[71.6099,54.1158],[71.4871,54.1012],[71.4904,54.1594],[71.3843,54.1675],[71.3868,54.1815],[71.2956,54.1842],[71.2749,54.1477],[71.1785,54.0947],[71.1224,54.1296],[71.1368,54.1621],[71.1021,54.1666],[71.1115,54.1877],[71.0561,54.1913],[71.0711,54.2058],[71.0732,54.2742],[70.9961,54.2752],[70.998,54.336],[71.1129,54.3352],[71.1093,54.3217],[71.1984,54.3116],[71.1987,54.3545],[71.2297,54.3544],[71.2313,54.407],[71.2,54.4076],[71.2022,54.4612],[71.1713,54.4612],[71.1731,54.5487],[71.1675,54.5605],[71.1935,54.6003],[71.2142,54.6099],[71.291,54.6064],[71.293,54.6678],[71.239,54.6683],[71.2396,54.6863],[71.2101,54.6866],[71.2108,54.7004],[71.0967,54.6998],[71.0967,54.7117],[71.0718,54.7338],[71.0667,54.7479],[71.0299,54.7788],[71.0256,54.7996],[71.0111,54.8136],[71.0262,54.828],[71.0193,54.852],[70.9992,54.8542],[70.9743,54.8681],[70.9554,54.8883],[70.9931,54.927],[71.0082,54.9704],[70.9765,54.983],[71.0043,55.0122],[71.0033,55.0526],[70.9931,55.0736],[71.0201,55.0856],[70.9225,55.1296],[70.9252,55.1671],[70.8804,55.1805],[70.7992,55.2714],[70.7905,55.2893],[70.6954,55.2894],[70.6205,55.2533],[70.4773,55.273],[70.4607,55.2855],[70.4093,55.2534],[70.402,55.2156],[70.2919,55.1922],[70.2276,55.1472],[70.2061,55.1455],[70.1798,55.1593],[70.1138,55.1722],[70.0862,55.184],[70.0579,55.2091],[69.9503,55.2099],[69.9121,55.2434],[69.8629,55.3],[69.7909,55.3247],[69.7759,55.3367],[69.7095,55.3514],[69.659,55.3488],[69.5502,55.3507],[69.54,55.3373],[69.4442,55.3418],[69.4037,55.3563],[69.4188,55.3707],[69.3983,55.3855],[69.3489,55.3803],[69.3328,55.3575],[69.2922,55.3446],[69.1997,55.3304],[69.1662,55.3817],[69.1554,55.3918],[69.0473,55.4269],[68.98,55.4247],[68.9809,55.4431],[68.9324,55.4418],[68.9215,55.4069],[68.9151,55.3643],[68.9844,55.364],[68.9847,55.3381],[69.0011,55.3288],[69.0012,55.2884],[68.9806,55.2853],[68.9571,55.3266],[68.9283,55.3188],[68.8977,55.3315],[68.8515,55.3426],[68.8159,55.3604],[68.7472,55.3784],[68.7107,55.3496],[68.7215,55.3253],[68.6856,55.2832],[68.635,55.2653],[68.6364,55.2421],[68.6589,55.2357],[68.6201,55.1983],[68.5998,55.2006],[68.5949,55.2193],[68.5586,55.2091],[68.5021,55.201],[68.4453,55.1967],[68.3584,55.2063],[68.3533,55.1811],[68.3179,55.1864],[68.3042,55.2035],[68.2823,55.2051],[68.2396,55.1871],[68.177,55.1987],[68.177,55.1776],[68.2098,55.1776],[68.2196,55.1549],[68.1893,55.1514],[68.2558,55.1009],[68.2708,55.0851],[68.3147,55.0766],[68.3123,55.0672],[68.2366,55.0549],[68.2379,55.0156],[68.1964,54.99],[68.2341,54.9695],[68.0324,54.9504],[67.9104,54.9837],[67.8197,54.9713],[67.8011,54.9409],[67.7984,54.9249],[67.7729,54.8857],[67.6981,54.8702],[67.6938,54.8629],[67.6407,54.8648],[67.5629,54.8443],[67.5168,54.8618],[67.4771,54.8579],[67.4617,54.8634],[67.397,54.8552],[67.3528,54.8641],[67.3334,54.8735],[67.2897,54.8624],[67.2817,54.8258],[67.2195,54.8145],[67.1264,54.8078],[67.1013,54.8135],[67.0779,54.8049],[67.0693,54.7911],[67.0434,54.778],[66.999,54.7894],[66.9324,54.7863],[66.7821,54.7687],[66.7367,54.7435],[66.7021,54.7369],[66.652,54.7437],[66.3816,54.7038],[66.074,54.6409],[66.0779,54.5691],[66.0837,54.561],[66.1095,54.4901],[66.0744,54.4698],[66.1077,54.4433],[66.0876,54.4197],[66.1757,54.2937],[66.0799,54.258],[66.0314,54.2515],[66.1921,54.183],[66.2669,54.1835],[66.3166,54.1019],[66.1518,54.0762],[66.1003,54.0554],[66.0756,54.05],[66.0342,54.0283],[65.9636,53.9994],[65.9774,53.9663],[66.0014,53.9275],[66.0245,53.9327],[66.0471,53.8033],[66.1785,53.8054],[66.1719,53.6681],[66.1538,53.6675],[66.1317,53.6476],[66.1039,53.6102],[66.1103,53.5029],[66.2482,53.5034],[66.2497,53.3393],[66.2565,53.3325],[66.2564,53.1937],[66.3993,53.155],[66.4007,53.0896],[66.1992,53.1111],[66.2058,53.0937],[66.0527,53.0614],[66.0577,53.0222],[66.0706,52.9816],[66.1054,52.9786],[66.3208,52.9701],[66.3067,52.8865],[66.1173,52.8938],[66.1242,52.83],[66.1277,52.7642],[66.0188,52.7609],[66.019,52.7255],[66.0069,52.4344],[66.0782,52.4517],[66.2402,52.3325],[66.3496,52.3595],[66.4431,52.3662],[66.4887,52.3753],[66.5397,52.3686],[66.5643,52.3044],[66.5414,52.2816],[66.6238,52.2737],[66.7784,52.2814],[66.8308,52.26],[66.9115,52.2434],[66.9845,52.2508],[67.0215,52.2445],[67.0568,52.244],[67.0942,52.2558],[67.1094,52.2544],[67.296,52.2069],[67.2894,52.2537],[67.2959,52.2582],[67.2952,52.4235],[67.2976,52.4283],[67.4439,52.4288],[67.5375,52.4268],[67.5956,52.3727],[67.6939,52.3594],[67.7319,52.3472],[67.8601,52.2748],[67.9037,52.3264],[67.8795,52.3371],[67.913,52.3768],[67.9676,52.3512],[67.967,52.3624],[67.9995,52.3798],[67.9944,52.402],[68.0496,52.4607],[68.0384,52.4838],[67.995,52.4836],[67.9894,52.5444],[68.1389,52.5451],[68.1614,52.594],[68.2281,52.6067],[68.338,52.6058],[68.3599,52.6572],[68.3926,52.6564],[68.4167,52.7199],[68.4524,52.7334],[68.4939,52.7555],[68.5035,52.7389],[68.5379,52.7379],[68.5621,52.7823],[68.5933,52.7841],[68.6306,52.8012],[68.6563,52.7919],[68.6749,52.7952],[68.6869,52.828],[68.6405,52.8627],[68.6663,52.8695],[68.6387,52.9382],[68.6201,52.9705],[68.6272,52.9831],[68.6639,52.9938],[68.7079,53.0124],[68.7414,53.0311],[68.7835,53.0915],[68.7357,53.0939],[68.701,53.1156],[68.7417,53.1259],[68.7513,53.1957],[68.7278,53.2069],[68.6966,53.2097],[68.7061,53.2666],[68.6406,53.2755],[68.5973,53.2694],[68.5789,53.2723],[68.5814,53.3004],[68.5561,53.3069],[68.5284,53.3269],[68.5181,53.38],[68.4998,53.3934],[68.506,53.4081],[68.48,53.4612],[68.503,53.4748],[68.5304,53.4625],[68.5603,53.4642],[68.5626,53.485],[68.5838,53.4817],[68.6039,53.5092],[68.6204,53.5124],[68.6493,53.5043],[68.651,53.5517],[68.7467,53.5501],[68.7698,53.5678],[68.7496,53.58],[68.7546,53.5955],[68.7352,53.6099],[68.7307,53.6419],[68.8165,53.6356],[68.8171,53.6479],[68.8988,53.6443],[68.8907,53.6149],[69.0284,53.6151],[69.0285,53.6768],[69.1348,53.6773],[69.1346,53.5968],[69.2397,53.5964],[69.2399,53.5695],[69.2701,53.5695],[69.2706,53.5559],[69.3047,53.5574],[69.3047,53.5077],[69.3448,53.5122],[69.4183,53.5276],[69.4277,53.5503],[69.4108,53.5511],[69.4102,53.5722],[69.3798,53.5726],[69.3794,53.5985],[69.4266,53.6027],[69.4383,53.6349],[69.478,53.6354],[69.483,53.6497],[69.5448,53.6493],[69.5456,53.6793],[69.6431,53.68],[69.6808,53.6772],[69.6808,53.6681],[69.802,53.6683],[69.8022,53.6324],[69.8401,53.6327],[69.8392,53.5193],[69.8709,53.5196],[69.8742,53.53],[69.9108,53.5203],[69.9782,53.523],[70.0152,53.5096],[70.0732,53.5082],[70.0695,53.4867],[70.0701,53.4343],[70.0084,53.4188],[70.0132,53.38],[69.9964,53.3628],[70.209,53.3589],[70.2289,53.3674],[70.2434,53.3555],[70.2959,53.2916],[70.3171,53.2506],[70.3197,53.2269],[70.3666,53.2199],[70.4547,53.2339],[70.4539,53.2686],[70.4471,53.2787],[70.4471,53.3221],[70.5335,53.3341],[70.5837,53.3341],[70.5829,53.4305],[71.0229,53.428],[71.0626,53.4218],[71.0117,53.331],[71.1458,53.3286],[71.1455,53.3163],[71.1859,53.3171],[71.2448,53.3045],[71.2769,53.3151],[71.2915,53.3267],[71.3186,53.3272],[71.3847,53.3479],[71.404,53.3705],[71.429,53.3842],[71.4958,53.3978],[71.5475,53.4162],[71.5745,53.4214],[71.6052,53.4021],[71.6319,53.3081],[71.6714,53.2934],[71.7387,53.2127],[71.6958,53.1348],[71.7193,53.0762],[71.606,53.0422],[71.6229,53.0307],[71.6684,52.9463],[71.7426,52.9787],[71.7787,52.9826],[71.7619,52.9413],[71.7727,52.9145],[71.7982,52.8963],[71.8232,52.8926],[71.9155,52.8542],[72.1049,52.8651],[72.2034,52.8921],[72.2016,53.0129],[72.4502,52.978],[72.4903,52.9847],[72.5365,52.984],[72.6095,53.0039],[72.6823,53.0147],[72.7133,53.0062],[72.7646,53.0199],[72.7841,53.0139],[72.812,53.0207],[72.8549,53.0185],[72.878,53.0107],[72.8969,52.933],[72.9313,52.9226],[72.9111,52.7141],[73.0646,52.7493],[73.1181,52.7301],[73.2076,52.7176],[73.2468,52.7045],[73.3216,52.7095],[73.3916,52.6995],[73.4301,52.6557],[73.4914,52.6659],[73.5294,52.6027],[73.9208,52.5932]]]]},"properties":{"osm_id":"relation/215760","iso":"KZ-59","admin_level":4,"name_kk":"Солтүстік Қазақстан облысы","name_ru":"Северо-Казахстанская область","name_en":"North Kazakhstan Region","kind":"region"}},
{"type":"Feature","geometry":{"type":"Polygon","coordinates":[[[73.6684,51.2792],[74.0305,51.2019],[74.0147,51.1964],[74.0002,51.178],[74.0155,51.1433],[74.034,51.1365],[74.048,51.0975],[74.0005,51.0451],[74.001,51.0264],[74.0244,51.0011],[74.0088,50.9848],[74.0024,50.9627],[73.9899,50.9509],[74.031,50.9224],[74.04,50.8559],[74.0673,50.8347],[73.9836,50.7896],[73.9814,50.735],[74.0471,50.6357],[74.0579,50.6123],[74.2435,50.6204],[74.2867,50.6169],[74.3682,50.6371],[74.4009,50.662],[74.4502,50.6633],[74.4812,50.6451],[74.581,50.6287],[74.6278,50.6075],[74.6276,50.589],[74.5968,50.5546],[74.6008,50.5158],[74.6321,50.4888],[74.6451,50.4664],[74.6778,50.4789],[74.709,50.4804],[74.7283,50.5222],[74.7253,50.5286],[74.7585,50.5458],[74.8265,50.4827],[74.8713,50.4544],[74.9141,50.4678],[74.9553,50.4283],[74.9661,50.412],[74.9665,50.3731],[74.9732,50.3517],[74.9597,50.3467],[74.9723,50.3299],[75.0187,50.3027],[75.097,50.2765],[75.1398,50.2548],[75.1305,50.2315],[75.1163,50.2181],[75.071,50.2055],[75.0671,50.2134],[74.9996,50.2006],[74.9839,50.1883],[74.9363,50.1844],[74.8897,50.158],[74.8653,50.1344],[74.8411,50.1195],[74.8033,50.1068],[74.8452,50.0404],[74.9126,50.038],[74.9447,50.0136],[75.01,50.0227],[75.0124,50.0296],[75.0796,50.0579],[75.0844,50.0724],[75.129,50.0857],[75.1653,50.105],[75.2313,50.1206],[75.2854,50.1455],[75.2933,50.1582],[75.3165,50.1716],[75.4412,50.1876],[75.5246,50.1823],[75.5908,50.1815],[75.642,50.1892],[75.6726,50.2201],[75.7047,50.2342],[75.7271,50.2339],[75.7343,50.2225],[75.7554,50.2217],[75.7764,50.2033],[75.8479,50.2041],[75.9121,50.2203],[75.9291,50.2211],[75.9926,50.2478],[76.0367,50.2572],[76.1066,50.2577],[76.2162,50.2127],[76.223,50.2357],[76.2668,50.2627],[76.2725,50.3048],[76.3264,50.3148],[76.32,50.3286],[76.3713,50.3266],[76.4672,50.3277],[76.5264,50.3306],[76.6046,50.2991],[76.652,50.2719],[76.6658,50.2826],[76.6944,50.3283],[76.7004,50.3751],[76.6948,50.4163],[76.7121,50.4371],[76.7363,50.4554],[76.7283,50.4708],[76.7521,50.4929],[76.7493,50.5236],[76.7587,50.5551],[76.7831,50.5951],[76.8154,50.6028],[76.8351,50.6353],[76.8456,50.6392],[76.9865,50.6562],[77.0114,50.6542],[77.0617,50.6597],[77.077,50.6675],[77.2531,50.5672],[77.3785,50.5481],[77.4505,50.5507],[77.6459,50.4646],[77.6434,50.3612],[77.6003,50.2783],[77.6972,50.2219],[77.7556,50.2353],[77.8031,50.1922],[78.0302,50.1263],[78.1876,50.0831],[78.3933,50.0371],[78.474,50.0424],[78.5869,50.0825],[78.6189,50.1036],[78.7108,50.2129],[78.7376,50.2573],[78.7883,50.3109],[78.7782,50.3673],[78.7707,50.4397],[78.7015,50.4495],[78.6767,50.4576],[78.6762,50.4814],[78.6846,50.516],[78.6724,50.5883],[78.6882,50.6289],[78.6836,50.6446],[78.6873,50.699],[78.6114,50.6861],[78.5237,50.681],[78.458,50.7364],[78.4515,50.7692],[78.4785,50.7995],[78.4579,50.8406],[78.4118,50.8422],[78.3647,50.8547],[78.3459,50.8742],[78.2801,50.8757],[78.2476,50.9171],[78.242,50.9395],[78.228,50.9542],[78.2013,50.965],[78.1932,51.0042],[78.1793,51.0242],[78.136,51.025],[78.1237,51.0358],[78.1346,51.0572],[78.1157,51.0729],[78.0877,51.0735],[78.0779,51.0834],[78.0976,51.0979],[78.13,51.1039],[78.1377,51.1186],[78.089,51.1383],[78.0986,51.1464],[78.1555,51.1722],[78.1943,51.1855],[78.2444,51.1888],[78.3103,51.2116],[78.3401,51.2448],[78.3907,51.219],[78.4179,51.2195],[78.5061,51.2351],[78.5421,51.2376],[78.5966,51.2564],[78.6353,51.2746],[78.6409,51.2908],[78.689,51.2954],[78.6983,51.3115],[78.7847,51.2982],[78.7835,51.3733],[78.7481,51.3814],[78.7421,51.4471],[78.8385,51.4494],[78.8416,51.4539],[78.9178,51.458],[78.9841,51.4493],[79.1028,51.5244],[79.0613,51.587],[79.1109,51.5961],[79.1995,51.6187],[79.2392,51.6412],[79.2492,51.6518],[79.2322,51.6822],[79.2543,51.6996],[79.3475,51.7088],[79.1872,51.9231],[78.9749,52.1505],[78.8211,52.3155],[78.7171,52.4289],[78.536,52.6346],[78.4499,52.7301],[78.3057,52.8844],[78.2325,52.9581],[78.0874,53.0989],[78.0257,53.161],[77.9065,53.2914],[77.6224,53.4433],[77.3604,53.584],[77.2599,53.6358],[77.1452,53.6924],[76.9222,53.8034],[76.8921,53.8174],[76.6867,53.922],[76.5365,54.0005],[76.5291,54.0165],[76.5041,54.0319],[76.4978,54.0714],[76.4351,54.1228],[76.4392,54.1672],[76.5828,54.1489],[76.6169,54.1535],[76.6447,54.1244],[76.6951,54.147],[76.7568,54.1617],[76.7496,54.1824],[76.7904,54.1994],[76.8277,54.2244],[76.8359,54.2624],[76.8291,54.274],[76.8651,54.2862],[76.8785,54.3022],[76.8603,54.3611],[76.8205,54.368],[76.7865,54.3599],[76.7816,54.3776],[76.8748,54.3981],[76.8781,54.4029],[76.9357,54.4158],[76.9393,54.4388],[76.9291,54.4579],[76.845,54.44],[76.7956,54.4191],[76.7299,54.4186],[76.7306,54.4029],[76.6906,54.3751],[76.6761,54.3449],[76.6477,54.3358],[76.5835,54.3417],[76.5454,54.3272],[76.476,54.3183],[76.3522,54.3341],[76.2585,54.3586],[76.2307,54.3237],[76.1868,54.3016],[76.2278,54.2761],[76.2034,54.2603],[75.9047,54.18],[75.5979,54.0982],[75.5285,54.1149],[75.3756,54.0696],[75.4347,54.0098],[75.4404,53.9724],[75.4115,53.9721],[75.4112,53.9596],[75.3772,53.9596],[75.3243,53.9395],[75.2642,53.9087],[75.2167,53.876],[75.0536,53.7956],[74.9844,53.8119],[74.9818,53.8225],[74.8848,53.8243],[74.8633,53.8179],[74.7886,53.8282],[74.7571,53.7444],[74.6677,53.7561],[74.6349,53.6681],[74.4577,53.6913],[74.4213,53.5939],[74.4473,53.581],[74.4883,53.5756],[74.4539,53.5388],[74.3897,53.456],[74.2913,53.4918],[74.3053,53.5173],[74.268,53.5235],[74.2871,53.5601],[74.2344,53.569],[74.243,53.5883],[74.162,53.6016],[74.146,53.5543],[74.0509,53.5661],[74.0717,53.6297],[73.901,53.6511],[73.821,53.5782],[73.7475,53.6069],[73.6664,53.613],[73.6451,53.5528],[73.5943,53.559],[73.5812,53.5202],[73.4387,53.4354],[73.5187,53.3571],[73.5807,53.2991],[73.5898,53.2819],[73.5843,53.263],[73.5412,53.2611],[73.4304,53.2925],[73.4141,53.246],[73.4058,53.1845],[73.4133,53.146],[73.43,53.1409],[73.4342,53.1233],[73.5153,53.1374],[73.6527,53.2079],[73.6861,53.1901],[73.7342,53.1991],[73.7758,53.1657],[73.7436,53.1458],[73.7315,53.126],[73.6623,53.0982],[73.6486,53.0625],[73.5764,53.0081],[73.5724,52.9885],[73.5465,52.9685],[73.5358,52.9407],[73.6118,52.9843],[73.6678,52.9328],[73.622,52.8963],[73.5912,52.8818],[73.6152,52.8728],[73.6288,52.8142],[73.6661,52.8118],[73.689,52.8029],[73.747,52.8196],[73.7659,52.8088],[73.8562,52.901],[73.8697,52.8931],[73.8986,52.9042],[73.9895,52.9304],[74.0344,52.8332],[73.9831,52.8303],[73.9856,52.7626],[73.9173,52.7614],[73.9212,52.6528],[73.8535,52.652],[73.8121,52.6793],[73.8032,52.6939],[73.7748,52.6983],[73.7388,52.6948],[73.7344,52.7113],[73.7026,52.7168],[73.6894,52.6936],[73.6666,52.6934],[73.7456,52.6272],[73.9205,52.6267],[73.9208,52.5932],[73.9207,52.544],[73.9993,52.5438],[74.0003,52.4538],[73.9995,52.3404],[74.0028,52.3115],[73.9996,52.1645],[74.0003,51.9323],[74.0313,51.9318],[74.0291,51.8911],[73.9672,51.8929],[73.9331,51.8777],[73.9049,51.8503],[73.8366,51.8063],[73.8091,51.8032],[73.8166,51.7898],[73.8143,51.7664],[73.7984,51.7525],[73.7989,51.7318],[73.7868,51.7037],[73.8051,51.6656],[73.7882,51.6525],[73.778,51.628],[73.793,51.6232],[73.9059,51.6283],[74.0076,51.6425],[74.0369,51.5989],[74.0994,51.5947],[74.2506,51.5629],[74.2617,51.5241],[74.1635,51.5302],[74.1343,51.5132],[74.0472,51.5093],[73.9856,51.5014],[73.8101,51.4379],[73.8048,51.424],[73.8177,51.3953],[73.7457,51.364],[73.7254,51.3609],[73.7174,51.3466],[73.6988,51.3406],[73.6881,51.3248],[73.6837,51.2961],[73.6684,51.2792]],[[73.8865,53.0533],[73.8874,52.9994],[73.8403,53.0109],[73.786,52.9906],[73.7717,53.0398],[73.7952,53.0756],[73.8865,53.0533]]]},"properties":{"osm_id":"relation/215772","iso":"KZ-55","admin_level":4,"name_kk":"Павлодар облысы","name_ru":"Павлодарская область","name_en":"Pavlodar Region","kind":"region"}},
{"type":"Feature","geometry":{"type":"Polygon","coordinates":[[[76.2252,46.6385],[76.3169,46.6548],[76.3674,46.6911],[76.3852,46.6488],[76.3774,46.6221],[76.3897,46.6155],[76.4335,46.6434],[76.4814,46.6271],[76.5377,46.5934],[76.5272,46.6189],[76.5252,46.6426],[76.6046,46.6656],[76.697,46.6469],[76.7007,46.6275],[76.8386,46.585],[76.9319,46.5383],[76.9466,46.5519],[76.8931,46.6159],[76.8706,46.6221],[76.82,46.6711],[76.8331,46.678],[76.8785,46.6322],[76.9187,46.6258],[76.942,46.6174],[76.9748,46.6203],[76.9771,46.6331],[77.004,46.6466],[77.0725,46.6228],[77.106,46.5697],[77.1069,46.546],[77.1517,46.5438],[77.2635,46.5428],[77.2824,46.5848],[77.3385,46.6134],[77.3967,46.6077],[77.5556,46.6212],[77.5498,46.6437],[77.4658,47.1591],[77.3907,47.1475],[77.3279,47.1623],[77.2917,47.1825],[77.2302,47.1708],[77.1702,47.0754],[77.1257,47.0788],[76.8805,47.1724],[76.8312,47.2228],[76.7792,47.241],[76.8333,47.2667],[76.8666,47.3702],[76.8682,47.4156],[76.9627,47.4183],[77.0536,47.3957],[77.0292,47.4977],[77.0187,47.5627],[76.9775,47.6424],[76.9772,47.6727],[77.002,47.7169],[77.0106,47.742],[77.0575,47.8502],[77.1148,47.8501],[77.1233,47.8694],[77.1405,47.9367],[77.194,47.9587],[77.1686,48.0171],[77.3374,48.0686],[77.2922,48.0976],[77.2282,48.1063],[77.1635,48.1033],[77.0644,48.1725],[77.0444,48.1988],[77.0601,48.2371],[77.1133,48.2371],[77.1459,48.2411],[77.1622,48.273],[77.1008,48.2766],[77.0356,48.2733],[76.9811,48.2878],[76.9355,48.3266],[76.8783,48.3481],[76.8401,48.3672],[76.8217,48.403],[76.8683,48.4041],[76.8904,48.4117],[76.9006,48.427],[76.8969,48.4672],[76.9041,48.4828],[76.9601,48.5022],[76.986,48.4991],[77.1575,48.4908],[77.3166,48.6299],[77.3033,48.6392],[77.3045,48.6641],[77.3176,48.6785],[77.3084,48.7046],[77.3164,48.738],[77.3316,48.7419],[77.3144,48.7819],[77.2894,48.8545],[77.1317,48.8424],[76.8906,48.82],[76.8839,48.8141],[76.833,48.8484],[76.8346,48.8696],[76.851,48.8904],[76.8366,48.9455],[76.8338,49.0134],[76.9249,49.0335],[76.9611,49.0212],[77.0232,49.0493],[76.9867,49.0985],[76.9524,49.1079],[76.9373,49.1206],[76.9058,49.1299],[76.8796,49.13],[76.8462,49.1422],[76.8392,49.166],[76.843,49.1949],[76.8197,49.2244],[76.733,49.2662],[76.7038,49.284],[76.6242,49.3006],[76.6123,49.34],[76.5895,49.3659],[76.5823,49.3942],[76.5648,49.4053],[76.5608,49.4226],[76.5832,49.4583],[76.7768,49.5113],[76.8233,49.5057],[77.0404,49.5528],[77.0888,49.6039],[77.1048,49.6156],[77.167,49.6834],[77.177,49.7061],[77.1826,49.7566],[77.1454,49.7721],[77.1511,49.8178],[77.1619,49.8619],[77.1464,49.8782],[77.1658,49.9287],[77.1889,49.943],[77.2318,49.9432],[77.277,49.9703],[77.3449,49.9938],[77.4177,50.016],[77.4458,50.0213],[77.4761,50.0507],[77.511,50.0711],[77.6785,50.1607],[77.7023,50.204],[77.6972,50.2219],[77.6003,50.2783],[77.6434,50.3612],[77.6459,50.4646],[77.4505,50.5507],[77.3785,50.5481],[77.2531,50.5672],[77.077,50.6675],[77.0617,50.6597],[77.0114,50.6542],[76.9865,50.6562],[76.8456,50.6392],[76.8351,50.6353],[76.8154,50.6028],[76.7831,50.5951],[76.7587,50.5551],[76.7493,50.5236],[76.7521,50.4929],[76.7283,50.4708],[76.7363,50.4554],[76.7121,50.4371],[76.6948,50.4163],[76.7004,50.3751],[76.6944,50.3283],[76.6658,50.2826],[76.652,50.2719],[76.6046,50.2991],[76.5264,50.3306],[76.4672,50.3277],[76.3713,50.3266],[76.32,50.3286],[76.3264,50.3148],[76.2725,50.3048],[76.2668,50.2627],[76.223,50.2357],[76.2162,50.2127],[76.1066,50.2577],[76.0367,50.2572],[75.9926,50.2478],[75.9291,50.2211],[75.9121,50.2203],[75.8479,50.2041],[75.7764,50.2033],[75.7554,50.2217],[75.7343,50.2225],[75.7271,50.2339],[75.7047,50.2342],[75.6726,50.2201],[75.642,50.1892],[75.5908,50.1815],[75.5246,50.1823],[75.4412,50.1876],[75.3165,50.1716],[75.2933,50.1582],[75.2854,50.1455],[75.2313,50.1206],[75.1653,50.105],[75.129,50.0857],[75.0844,50.0724],[75.0796,50.0579],[75.0124,50.0296],[75.01,50.0227],[74.9447,50.0136],[74.9126,50.038],[74.8452,50.0404],[74.8033,50.1068],[74.8411,50.1195],[74.8653,50.1344],[74.8897,50.158],[74.9363,50.1844],[74.9839,50.1883],[74.9996,50.2006],[75.0671,50.2134],[75.071,50.2055],[75.1163,50.2181],[75.1305,50.2315],[75.1398,50.2548],[75.097,50.2765],[75.0187,50.3027],[74.9723,50.3299],[74.9597,50.3467],[74.9732,50.3517],[74.9665,50.3731],[74.9661,50.412],[74.9553,50.4283],[74.9141,50.4678],[74.8713,50.4544],[74.8265,50.4827],[74.7585,50.5458],[74.7253,50.5286],[74.7283,50.5222],[74.709,50.4804],[74.6778,50.4789],[74.6451,50.4664],[74.6321,50.4888],[74.6008,50.5158],[74.5968,50.5546],[74.6276,50.589],[74.6278,50.6075],[74.581,50.6287],[74.4812,50.6451],[74.4502,50.6633],[74.4009,50.662],[74.3682,50.6371],[74.2867,50.6169],[74.2435,50.6204],[74.0579,50.6123],[74.0471,50.6357],[73.9814,50.735],[73.9836,50.7896],[74.0673,50.8347],[74.04,50.8559],[74.031,50.9224],[73.9899,50.9509],[74.0024,50.9627],[74.0088,50.9848],[74.0244,51.0011],[74.001,51.0264],[74.0005,51.0451],[74.048,51.0975],[74.034,51.1365],[74.0155,51.1433],[74.0002,51.178],[74.0147,51.1964],[74.0305,51.2019],[73.6684,51.2792],[73.534,51.3078],[73.4732,51.3096],[73.4396,51.2968],[73.428,51.2556],[73.3922,51.3037],[73.3614,51.2972],[73.36,51.2847],[73.3078,51.2745],[73.267,51.2741],[73.2241,51.3046],[73.1969,51.2895],[73.1573,51.2759],[73.1967,51.2159],[73.2488,51.2315],[73.2809,51.1744],[73.3125,51.1514],[73.3201,51.1206],[73.347,51.125],[73.3613,51.163],[73.388,51.1601],[73.4368,51.1788],[73.5783,51.1224],[73.5461,51.1129],[73.5189,51.0963],[73.4983,51.0925],[73.4763,51.0657],[73.4437,51.0571],[73.4139,51.0309],[73.3325,51.0138],[73.2837,51.0114],[73.2383,51.0015],[73.1704,50.9934],[73.1692,50.9216],[73.0504,50.8927],[73.0051,50.8831],[72.9796,50.8617],[72.7924,50.8874],[72.7524,50.8457],[72.7218,50.8356],[72.7169,50.8186],[72.7016,50.8051],[72.6624,50.7496],[72.5245,50.7345],[72.505,50.7233],[72.4949,50.7442],[72.4754,50.7369],[72.3992,50.6778],[72.4033,50.6566],[72.4288,50.6385],[72.4614,50.6235],[72.4787,50.608],[72.4458,50.5649],[72.379,50.5561],[72.2668,50.5937],[72.2362,50.5619],[72.17,50.5393],[72.1944,50.4564],[72.1848,50.4511],[72.1171,50.4453],[72.1228,50.4095],[72.1021,50.413],[72.059,50.445],[72.0117,50.4669],[71.8086,50.4651],[71.7997,50.4241],[71.7102,50.4291],[71.721,50.4452],[71.7399,50.4528],[71.773,50.49],[71.7798,50.5056],[71.787,50.5557],[71.8164,50.5893],[71.8015,50.61],[71.7692,50.6173],[71.7591,50.6265],[71.7926,50.6525],[71.821,50.6633],[71.8366,50.6827],[71.8177,50.7027],[71.7951,50.6938],[71.7357,50.7543],[71.7136,50.7467],[71.6585,50.7549],[71.6515,50.7889],[71.5554,50.7733],[71.5411,50.7918],[71.5268,50.7936],[71.4761,50.7601],[71.414,50.7456],[71.4074,50.7501],[71.3354,50.7218],[71.3402,50.7014],[71.3281,50.6752],[71.3314,50.6516],[71.2288,50.6517],[71.2116,50.6063],[71.1274,50.6092],[71.0584,50.5568],[71.0639,50.5075],[70.9206,50.4686],[70.8537,50.477],[70.8426,50.4606],[70.7956,50.4405],[70.7695,50.4413],[70.77,50.3922],[70.7519,50.2872],[70.7506,50.2502],[70.73,50.2312],[70.6721,50.285],[70.6488,50.2928],[70.6268,50.2879],[70.4753,50.2347],[70.5483,50.149],[70.5278,50.1332],[70.4384,50.0968],[70.388,50.0928],[70.3502,50.0842],[70.3375,50.0696],[70.3202,50.0734],[70.2989,50.0601],[70.2122,50.0532],[70.178,50.041],[70.1481,50.0392],[70.1227,50.0454],[70.1109,50.067],[70.1348,50.087],[70.1148,50.1116],[70.1324,50.126],[70.1447,50.1704],[70.1732,50.1987],[70.1439,50.2167],[70.1114,50.2004],[70.0944,50.2322],[70.0616,50.2576],[69.9916,50.2383],[69.7961,50.2087],[69.7392,50.1956],[69.7146,50.1999],[69.6984,50.1901],[69.6744,50.1957],[69.6215,50.194],[69.6013,50.1976],[69.6007,50.2824],[69.5845,50.289],[69.5188,50.2952],[69.4855,50.3615],[69.4471,50.377],[69.4212,50.3336],[69.3722,50.3876],[69.2662,50.3583],[69.245,50.3],[69.2936,50.3034],[69.3041,50.246],[69.2594,50.2348],[69.2142,50.2372],[69.1845,50.26],[69.1646,50.2325],[69.1528,50.1781],[69.109,50.197],[69.0813,50.195],[69.0813,50.1792],[69.0505,50.1906],[68.9651,50.1763],[68.852,50.2053],[68.8243,50.2023],[68.7889,50.2213],[68.7503,50.214],[68.7517,50.2392],[68.7162,50.2441],[68.6739,50.244],[68.6906,50.2766],[68.7298,50.3019],[68.7368,50.42],[68.7606,50.471],[68.7495,50.5124],[68.7734,50.5481],[68.7924,50.5601],[68.8013,50.7995],[68.5124,50.8041],[68.4775,50.7775],[68.4815,50.767],[68.4611,50.7583],[68.4313,50.7557],[68.3728,50.7391],[68.3305,50.7233],[68.3278,50.7116],[68.2559,50.6571],[68.2182,50.6501],[68.2106,50.6418],[68.1759,50.6344],[68.1451,50.6189],[68.116,50.619],[68.0817,50.6304],[68.0461,50.6611],[68.0291,50.6554],[67.9878,50.6605],[67.947,50.6532],[67.9168,50.657],[67.9181,50.6185],[67.9357,50.6104],[67.943,50.5953],[67.9344,50.5802],[67.9363,50.5578],[68.0089,50.5381],[67.9913,50.5127],[68.092,50.4649],[68.0904,50.4405],[68.0169,50.3926],[68.0169,50.3661],[67.9642,50.3172],[67.8603,50.2978],[67.7468,50.2477],[67.6302,50.2365],[67.5993,50.2232],[67.6062,50.1884],[67.5759,50.1628],[67.6382,50.1188],[67.3991,49.9155],[67.4384,49.882],[67.4531,49.8616],[67.4722,49.8488],[67.5484,49.764],[67.547,49.727],[67.6209,49.6969],[67.6654,49.6981],[67.6753,49.6729],[67.6978,49.6345],[67.7372,49.5517],[67.791,49.5],[67.8836,49.4212],[67.9306,49.309],[67.9108,49.2082],[67.9434,49.1764],[67.9807,49.1786],[68.3629,49.1475],[68.7164,48.8661],[68.9047,48.7963],[69.1554,48.798],[69.2943,48.6884],[69.4238,48.6436],[69.7724,48.7169],[69.8179,48.7727],[69.8255,48.7988],[69.8753,48.7966],[70.4286,48.8577],[70.4491,48.903],[70.4965,48.9931],[70.5512,49.1264],[70.5546,49.1391],[70.5494,49.3909],[70.6476,49.3897],[70.7405,49.3763],[70.7702,49.3647],[70.7763,49.3095],[70.8185,49.2598],[70.9439,49.2228],[71.0045,49.1715],[71.176,49.1937],[71.6401,49.2375],[71.6289,49.1788],[71.6682,49.1645],[71.7642,49.1635],[71.9424,49.1697],[71.9422,49.0421],[71.9755,49.0271],[72.0205,49.0013],[71.9854,48.969],[71.9959,48.9518],[72.0127,48.9521],[72.0406,48.9249],[72.0966,48.9281],[72.1046,48.8316],[72.061,48.8316],[72.0686,48.8055],[72.1002,48.7917],[72.1095,48.7386],[72.0389,48.7344],[72.0368,48.7149],[72.0021,48.7126],[72.0023,48.6804],[72.0092,48.6715],[72.0117,48.6263],[72.0013,48.5003],[71.9539,48.3491],[71.8427,48.3212],[71.8635,48.2979],[71.8599,48.2911],[71.9074,48.2553],[71.8992,48.2301],[71.909,48.2076],[71.9215,48.2045],[71.964,48.171],[71.9665,48.1467],[71.9781,48.1269],[71.9701,48.1065],[71.9623,48.0646],[71.9409,48.038],[71.9734,48.0191],[71.9919,47.998],[71.9923,47.9805],[72.0178,47.9688],[72.0402,47.9413],[72.0417,47.9265],[72.0687,47.8715],[72.0724,47.849],[72.0942,47.839],[72.1226,47.7994],[72.0893,47.8005],[72.0396,47.791],[71.9997,47.7763],[71.9681,47.7784],[71.9456,47.7714],[71.9326,47.7586],[71.8961,47.743],[71.8833,47.7201],[71.8472,47.7023],[71.7871,47.7025],[71.7166,47.5191],[71.5767,47.5434],[71.3813,47.6562],[71.3617,47.5353],[71.3067,47.3952],[71.3092,47.1418],[71.3241,46.8873],[71.3468,46.7196],[71.285,46.504],[71.3297,46.3266],[71.3119,46.222],[71.326,46.0073],[71.549,46.0053],[72.0919,46.0027],[72.8071,46.0016],[73.5447,46.0003],[73.7282,46.0016],[74.0606,46.001],[74.0825,46.0404],[74.1657,46.1383],[74.7436,46.5264],[75.0189,46.5573],[75.327,46.6821],[75.5222,46.7075],[75.6099,46.6935],[75.8859,46.7247],[76.0491,46.7381],[76.2252,46.6385]]]},"properties":{"osm_id":"relation/215776","iso":"KZ-35","admin_level":4,"name_kk":"Қарағанды облысы","name_ru":"Карагандинская область","name_en":"Karaganda Region","kind":"region"}},
{"type":"Feature","geometry":{"type":"Polygon","coordinates":[[[64.0161,48.1703],[64.056,48.1991],[64.2828,48.3477],[64.2275,48.4618],[64.5218,48.5036],[64.5786,48.5108],[64.5453,48.5289],[64.4908,48.5655],[64.5307,48.5997],[64.4687,48.6747],[64.698,48.6757],[64.7458,48.9377],[65.4861,48.8283],[65.632,48.8621],[65.6738,48.8771],[65.7295,48.8748],[65.7533,48.8867],[65.7754,48.9822],[65.815,48.9866],[66.0731,48.9932],[66.3,49.1573],[66.4124,49.2415],[66.5422,49.2704],[66.5972,49.3244],[66.6514,49.4567],[66.837,49.5787],[66.9994,49.6308],[67.0417,49.6475],[67.087,49.6905],[67.3738,49.9382],[67.3991,49.9155],[67.6382,50.1188],[67.5759,50.1628],[67.6062,50.1884],[67.5993,50.2232],[67.6302,50.2365],[67.7468,50.2477],[67.8603,50.2978],[67.9642,50.3172],[68.0169,50.3661],[68.0169,50.3926],[68.0904,50.4405],[68.092,50.4649],[67.9913,50.5127],[68.0089,50.5381],[67.9363,50.5578],[67.9138,50.5339],[67.8532,50.5125],[67.8347,50.4978],[67.7891,50.4873],[67.7469,50.4897],[67.6789,50.4869],[67.6502,50.4813],[67.6031,50.4857],[67.5815,50.4926],[67.5591,50.4905],[67.527,50.4786],[67.4742,50.4693],[67.4888,50.4506],[67.1312,50.3841],[67.0643,50.5309],[67.0946,50.5462],[67.11,50.6224],[66.9909,50.6582],[66.8826,50.6498],[66.8502,50.645],[66.7245,50.6115],[66.6663,50.6359],[66.64,50.627],[66.4955,50.6731],[66.4331,50.7107],[66.3156,50.6854],[66.2406,50.8274],[66.2018,50.8251],[66.1784,50.8001],[66.1565,50.8099],[66.1328,50.7881],[66.1168,50.8048],[66.0918,50.8148],[66.0843,50.8294],[66.088,50.8717],[66.0707,50.8876],[66.003,50.9387],[65.9499,50.9594],[65.9417,50.9426],[65.8619,50.9644],[65.8246,50.8852],[65.7893,50.8544],[65.7523,50.8479],[65.7206,50.8537],[65.7001,50.8451],[65.6627,50.8469],[65.6212,50.8268],[65.6046,50.8309],[65.5794,50.8964],[65.6142,51.0061],[65.61,51.0546],[65.633,51.0824],[65.5607,51.1362],[65.4504,51.1857],[65.4253,51.2039],[65.4792,51.2429],[65.4031,51.3016],[65.3875,51.3276],[65.5456,51.4037],[65.4615,51.4401],[65.5372,51.514],[65.5692,51.5834],[65.5773,51.6282],[65.5209,51.6843],[65.3831,51.6849],[65.3524,51.7935],[65.5058,51.7983],[65.5285,51.8019],[65.7605,51.8724],[65.7685,51.9205],[65.8166,51.9938],[65.8275,52.0163],[65.8546,52.0931],[65.869,52.1409],[65.9853,52.1962],[65.9986,52.2046],[66.0069,52.4344],[66.019,52.7255],[66.0188,52.7609],[66.1277,52.7642],[66.1242,52.83],[66.1173,52.8938],[66.3067,52.8865],[66.3208,52.9701],[66.1054,52.9786],[66.0706,52.9816],[66.0577,53.0222],[66.0527,53.0614],[66.2058,53.0937],[66.1992,53.1111],[66.4007,53.0896],[66.3993,53.155],[66.2564,53.1937],[66.2565,53.3325],[66.2497,53.3393],[66.2482,53.5034],[66.1103,53.5029],[66.1039,53.6102],[66.1317,53.6476],[66.1538,53.6675],[66.1719,53.6681],[66.1785,53.8054],[66.0471,53.8033],[66.0245,53.9327],[66.0014,53.9275],[65.9774,53.9663],[65.9636,53.9994],[66.0342,54.0283],[66.0756,54.05],[66.1003,54.0554],[66.1518,54.0762],[66.3166,54.1019],[66.2669,54.1835],[66.1921,54.183],[66.0314,54.2515],[66.0799,54.258],[66.1757,54.2937],[66.0876,54.4197],[66.1077,54.4433],[66.0744,54.4698],[66.1095,54.4901],[66.0837,54.561],[66.0779,54.5691],[66.074,54.6409],[65.9986,54.6251],[65.9642,54.6378],[65.9818,54.717],[65.8453,54.6972],[65.8308,54.6532],[65.7997,54.624],[65.7797,54.6123],[65.7473,54.6074],[65.6331,54.6408],[65.55,54.6369],[65.5305,54.6495],[65.4896,54.6555],[65.4648,54.6423],[65.4565,54.6244],[65.4948,54.5967],[65.5038,54.5709],[65.4647,54.5664],[65.4259,54.5812],[65.3794,54.5734],[65.3579,54.5774],[65.306,54.5684],[65.2636,54.5466],[65.238,54.5494],[65.2125,54.5318],[65.2233,54.4901],[65.2013,54.4658],[65.2009,54.4522],[65.222,54.437],[65.2392,54.3758],[65.2627,54.3624],[65.222,54.3343],[65.1909,54.3429],[65.1212,54.3302],[65.1035,54.3355],[65.0705,54.3657],[64.9822,54.4155],[64.9744,54.4241],[64.9312,54.4133],[64.9062,54.4009],[64.844,54.3842],[64.8018,54.3684],[64.7376,54.3539],[64.6984,54.3647],[64.659,54.3608],[64.6357,54.3741],[64.6293,54.3925],[64.605,54.3917],[64.5993,54.3757],[64.5757,54.3743],[64.5226,54.3545],[64.4817,54.3666],[64.4634,54.3599],[64.4518,54.3367],[64.421,54.3265],[64.3589,54.3368],[64.3107,54.3322],[64.1716,54.307],[64.0964,54.3147],[64.0448,54.2857],[64.0115,54.2909],[63.9868,54.3012],[63.9748,54.2905],[63.9802,54.2746],[64.0089,54.2502],[64.0213,54.2303],[63.9961,54.2084],[63.9755,54.2028],[63.9143,54.1981],[63.8794,54.2249],[63.8036,54.2711],[63.7644,54.2658],[63.7147,54.2522],[63.6572,54.2434],[63.6243,54.2288],[63.5386,54.2095],[63.5252,54.2157],[63.4925,54.2108],[63.4601,54.1975],[63.4187,54.2007],[63.3953,54.1918],[63.3593,54.189],[63.3343,54.2008],[63.2758,54.1963],[63.2338,54.197],[63.2241,54.1896],[63.1887,54.1867],[63.1717,54.1938],[63.1527,54.1793],[63.1531,54.1641],[63.1695,54.1526],[63.1562,54.143],[63.1522,54.1229],[63.1077,54.117],[63.0818,54.1042],[63.0512,54.1007],[62.9371,54.1164],[62.876,54.1184],[62.807,54.1119],[62.7897,54.0967],[62.7257,54.0905],[62.7085,54.0961],[62.6691,54.0903],[62.6149,54.0722],[62.5966,54.0713],[62.5688,54.0465],[62.5808,54.0146],[62.5973,53.9949],[62.5869,53.9867],[62.5777,53.9575],[62.5543,53.9337],[62.51,53.9129],[62.4755,53.931],[62.4467,53.9269],[62.3964,54.0038],[62.4594,54.0136],[62.494,54.0326],[62.4188,54.047],[62.3899,54.0478],[62.3324,54.0321],[62.2889,54.0358],[62.2086,54.0328],[62.1761,54.0286],[62.0837,54.0485],[62.0689,54.0397],[62.0061,54.0375],[62.0155,54.0093],[62.0439,53.9485],[61.9323,53.9499],[61.9278,53.9544],[61.8571,53.9626],[61.8764,53.9813],[61.893,54.0091],[61.8752,54.0162],[61.8443,54.0133],[61.8187,54.0192],[61.782,53.9846],[61.7459,54.0006],[61.7252,54.0295],[61.7006,54.0189],[61.6435,54.0189],[61.6139,53.9905],[61.6116,53.9681],[61.571,53.9676],[61.5691,54.0082],[61.4806,54.0301],[61.4834,54.0507],[61.4729,54.0704],[61.4801,54.083],[61.3793,54.0847],[61.36,54.0745],[61.339,54.0786],[61.2938,54.0739],[61.2502,54.0234],[61.2723,53.9927],[61.2646,53.9652],[61.2799,53.9286],[61.2051,53.9189],[61.1714,53.9431],[61.1804,53.972],[61.0999,53.9748],[61.0886,53.9564],[61.0647,53.9452],[61.0544,53.9584],[61.0294,53.9551],[60.9971,53.9349],[60.9935,53.907],[61.0362,53.9085],[61.0573,53.894],[61.1369,53.9045],[61.1792,53.8526],[61.2372,53.8418],[61.2272,53.7956],[61.1703,53.7722],[61.1147,53.7209],[61.0585,53.7213],[61.0424,53.653],[60.9986,53.6508],[60.9956,53.6729],[60.8959,53.6679],[60.9003,53.6287],[61.0899,53.6149],[61.1218,53.6151],[61.1264,53.5899],[61.2146,53.5636],[61.27,53.5671],[61.3386,53.5577],[61.3578,53.5614],[61.3912,53.6021],[61.5531,53.5931],[61.5652,53.5383],[61.5933,53.5261],[61.5592,53.5079],[61.5333,53.505],[61.5147,53.4906],[61.5186,53.473],[61.4878,53.4759],[61.4539,53.4682],[61.4284,53.4555],[61.3669,53.4674],[61.3594,53.4931],[61.3151,53.5073],[61.3179,53.5165],[61.2583,53.508],[61.2288,53.4839],[61.2167,53.4318],[61.1553,53.4055],[61.1689,53.3573],[61.177,53.3118],[61.2262,53.2834],[61.2897,53.286],[61.3419,53.285],[61.4002,53.2739],[61.4566,53.2395],[61.5271,53.2153],[61.6305,53.2232],[61.6394,53.2489],[61.6739,53.2657],[61.7324,53.2392],[61.7507,53.2066],[61.7842,53.1846],[61.916,53.1421],[62.0274,53.1419],[62.1193,53.1118],[62.1474,53.068],[62.1304,52.9901],[62.0293,52.951],[61.9608,52.9502],[61.8478,53.0033],[61.8342,52.9929],[61.7644,52.9968],[61.7345,52.9914],[61.7018,52.9982],[61.6732,52.9685],[61.6321,52.9541],[61.5571,53.0121],[61.5239,53.0151],[61.469,53.0366],[61.3907,52.9923],[61.3068,52.996],[61.251,53.0362],[61.2131,53.0247],[61.1699,53.0025],[61.144,52.9991],[61.1208,52.9867],[61.1123,52.9692],[61.054,52.9806],[61.0086,52.9781],[61.0304,52.9505],[61.0762,52.9278],[61.0471,52.9174],[61.0344,52.9034],[60.9838,52.8851],[60.9737,52.8679],[60.9394,52.8477],[60.8834,52.8305],[60.8848,52.8213],[60.8344,52.7741],[60.821,52.775],[60.7319,52.761],[60.7119,52.7644],[60.7146,52.663],[60.7444,52.6516],[60.7447,52.6317],[60.763,52.6266],[60.8171,52.6312],[60.8431,52.641],[60.8436,52.5394],[60.8418,52.5223],[60.9823,52.5079],[60.9922,52.4231],[61.0668,52.3471],[61.0327,52.3302],[61.0107,52.3261],[60.979,52.2883],[60.9521,52.2707],[60.8983,52.2518],[60.8776,52.2494],[60.8257,52.2283],[60.7787,52.2264],[60.7698,52.205],[60.7277,52.1707],[60.7167,52.1562],[60.5108,52.1564],[60.4059,52.0981],[60.3395,52.0548],[60.2614,52.0157],[60.1977,51.9909],[60.002,51.9933],[60.0033,51.9712],[59.9941,51.9646],[60.0102,51.9404],[60.0299,51.9361],[60.0327,51.9135],[60.0745,51.8883],[60.0589,51.8701],[60.1439,51.8705],[60.1618,51.8922],[60.1448,51.9069],[60.3204,51.8314],[60.428,51.7984],[60.5175,51.7977],[60.5183,51.7749],[60.4764,51.7657],[60.4457,51.7309],[60.4272,51.7183],[60.3533,51.6893],[60.4009,51.6566],[60.4215,51.6474],[60.527,51.6379],[60.538,51.618],[60.9356,51.6153],[60.9354,51.6042],[60.9116,51.5706],[60.9108,51.5506],[60.9427,51.5226],[60.9522,51.4914],[60.9911,51.4879],[60.9993,51.4677],[61.0698,51.4637],[61.0874,51.4681],[61.1051,51.4486],[61.1299,51.4578],[61.1799,51.4543],[61.203,51.4611],[61.2815,51.4385],[61.3171,51.4437],[61.3533,51.439],[61.3668,51.4267],[61.3909,51.4198],[61.4317,51.4177],[61.4478,51.4095],[61.5052,51.407],[61.5497,51.3233],[61.6898,51.256],[61.7871,51.2691],[61.8522,51.3171],[61.9041,51.2744],[61.9137,51.2625],[61.9421,51.1609],[61.9519,51.1412],[61.9977,51.1084],[61.9947,51.0893],[62.0733,51.0731],[62.081,51.1113],[62.1042,51.1289],[62.1312,51.1388],[62.1811,51.1294],[62.283,51.0802],[62.2756,51.0412],[62.2085,51.013],[62.2286,50.9784],[62.2567,50.9638],[62.4303,50.8528],[62.3115,50.8414],[62.2765,50.8016],[62.2218,50.8136],[62.2357,50.7856],[62.2633,50.7561],[62.2765,50.7218],[62.2295,50.676],[62.2669,50.6415],[62.3588,50.6642],[62.4398,50.6887],[62.497,50.5907],[62.4946,50.5562],[62.5285,50.5156],[62.501,50.5008],[62.5101,50.474],[62.5374,50.4588],[62.5597,50.4229],[62.5761,50.4074],[62.6286,50.3903],[62.6428,50.3767],[62.6395,50.3499],[62.6672,50.3251],[62.6678,50.3098],[62.7089,50.29],[62.7365,50.2595],[62.7285,50.2334],[62.7586,50.1962],[62.7844,50.1932],[62.7821,50.1773],[62.8161,50.1652],[62.8233,50.1503],[62.8465,50.129],[62.8508,50.1113],[62.8859,50.0887],[62.8809,50.0619],[62.8943,50.0408],[62.9444,50.0046],[62.9415,49.9813],[62.9485,49.9551],[62.9205,49.9402],[62.9148,49.9156],[62.9301,49.9077],[62.9304,49.8849],[62.8965,49.8827],[62.7907,49.9369],[62.7396,49.9402],[62.6583,49.9085],[62.6377,49.8854],[62.5987,49.8625],[62.5937,49.8436],[62.5963,49.8065],[62.5551,49.7353],[62.4838,49.7005],[62.438,49.6837],[62.4521,49.625],[62.4508,49.5802],[62.4732,49.5621],[62.4337,49.557],[62.3673,49.5778],[62.3048,49.4973],[62.3386,49.4775],[62.4507,49.372],[62.5475,49.2533],[62.5213,49.2376],[62.4963,49.2438],[62.3761,49.2356],[62.3614,49.2008],[62.3965,49.1973],[62.4458,49.1982],[62.4906,49.1239],[62.5488,49.0181],[62.5842,48.9943],[62.6347,48.9754],[62.7278,48.926],[62.7846,48.8924],[62.7898,48.8857],[62.8454,48.8488],[62.9532,48.8899],[62.9714,48.9033],[63.0204,48.9294],[63.1302,48.8634],[63.1255,48.8356],[63.0493,48.7581],[63.076,48.6971],[63.0787,48.6824],[63.4168,48.6018],[63.4646,48.565],[63.5857,48.5343],[63.7708,48.454],[63.8445,48.3855],[63.903,48.2975],[64.0161,48.1703]]]},"properties":{"osm_id":"relation/1288730","iso":"KZ-39","admin_level":4,"name_kk":"Қостанай облысы","name_ru":"Костанайская область","name_en":"Kostanay Region","kind":"region"}},
{"type":"Feature","geometry":{"type":"MultiPolygon","coordinates":[[[[77.1426,43.3624],[77.137,43.3393],[77.1462,43.3331],[77.1667,43.3475],[77.1426,43.3624]]],[[[76.7928,43.1752],[76.7946,43.1571],[76.8081,43.1357],[76.8516,43.129],[76.89,43.1273],[76.8989,43.1136],[76.9007,43.0839],[76.9566,43.0821],[76.9667,43.0651],[76.9572,43.053],[77.0299,43.0431],[77.0569,43.0328],[77.0772,43.0338],[77.0896,43.0709],[77.08,43.1011],[77.1074,43.1177],[77.0629,43.1449],[77.0698,43.1648],[77.1171,43.1516],[77.1222,43.1668],[77.147,43.1782],[77.1382,43.1981],[77.1134,43.1993],[77.0969,43.184],[77.0688,43.1969],[77.0591,43.2168],[77.0168,43.2596],[77.01,43.2906],[77.0404,43.3103],[77.0255,43.3199],[77.0414,43.3379],[77.0448,43.363],[77.0115,43.3598],[77.0112,43.3804],[77.0004,43.3979],[76.9631,43.3794],[76.9309,43.3771],[76.909,43.351],[76.8822,43.331],[76.8626,43.3364],[76.8493,43.3521],[76.8121,43.3547],[76.8009,43.3294],[76.7603,43.314],[76.7546,43.2969],[76.7962,43.2868],[76.7998,43.2743],[76.7758,43.2495],[76.7699,43.23],[76.7786,43.1998],[76.7892,43.1973],[76.7928,43.1752]]]]},"properties":{"osm_id":"relation/2465058","iso":"KZ-75","admin_level":4,"name_kk":"Алматы","name_ru":"Алматы","name_en":"Almaty","kind":"city"}},
{"type":"Feature","geometry":{"type":"MultiPolygon","coordinates":[[[[71.3733,50.8863],[71.3667,50.8669],[71.4362,50.8576],[71.4425,50.8771],[71.3733,50.8863]]],[[[71.7851,51.1656],[71.7469,51.1621],[71.7609,51.1457],[71.7824,51.1505],[71.7851,51.1656]]],[[[71.658,51.3172],[71.6665,51.313],[71.6974,51.3353],[71.6839,51.3509],[71.6415,51.3317],[71.658,51.3172]]],[[[71.3202,51.2954],[71.3061,51.291],[71.3093,51.2638],[71.3362,51.2717],[71.3202,51.2954]]],[[[71.711,51.0986],[71.7051,51.113],[71.7147,51.1313],[71.6918,51.1396],[71.6452,51.1399],[71.6214,51.1882],[71.5878,51.1986],[71.5741,51.2204],[71.6186,51.2485],[71.594,51.2775],[71.5511,51.2431],[71.4717,51.2633],[71.4982,51.2837],[71.4759,51.2864],[71.4504,51.2716],[71.4281,51.2747],[71.4,51.2673],[71.3851,51.3023],[71.3556,51.2977],[71.3664,51.2712],[71.3349,51.2667],[71.3016,51.2332],[71.2603,51.2463],[71.2381,51.2086],[71.2557,51.1894],[71.2544,51.1582],[71.2362,51.1496],[71.2375,51.1325],[71.218,51.1108],[71.255,51.049],[71.289,51.0217],[71.3355,51.0193],[71.454,51.0008],[71.4509,50.9604],[71.4866,50.9308],[71.5469,50.9309],[71.5543,50.9683],[71.5381,50.9872],[71.537,51.0069],[71.5558,51.0154],[71.5397,51.0482],[71.5559,51.0489],[71.6149,51.0995],[71.6788,51.0854],[71.711,51.0986]]]]},"properties":{"osm_id":"relation/3087155","iso":"KZ-71","admin_level":4,"name_kk":"Астана","name_ru":"Астана","name_en":"Astana","kind":"city"}},
{"type":"Feature","geometry":{"type":"Polygon","coordinates":[[[69.3502,42.3097],[69.3532,42.279],[69.3702,42.2494],[69.3367,42.2292],[69.3955,42.2202],[69.4172,42.191],[69.4256,42.1668],[69.445,42.1517],[69.4826,42.1393],[69.4801,42.1254],[69.5133,42.1241],[69.5179,42.1364],[69.5682,42.1324],[69.5768,42.1388],[69.6119,42.1279],[69.6091,42.1466],[69.6162,42.1602],[69.6473,42.164],[69.6584,42.1988],[69.6916,42.1923],[69.7109,42.2286],[69.747,42.2318],[69.7618,42.2274],[69.7523,42.2024],[69.7849,42.2145],[69.8026,42.193],[69.8268,42.2138],[69.8259,42.2271],[69.8027,42.2491],[69.826,42.2669],[69.8648,42.2678],[69.8803,42.2853],[69.9296,42.2769],[69.9235,42.2962],[69.9002,42.3034],[69.8723,42.3313],[69.8326,42.3357],[69.818,42.3556],[69.7803,42.3752],[69.7713,42.3906],[69.7241,42.4166],[69.7307,42.4262],[69.7136,42.4394],[69.5923,42.4583],[69.5541,42.468],[69.5328,42.4782],[69.4637,42.4786],[69.4502,42.4662],[69.4636,42.4513],[69.4306,42.4325],[69.4224,42.4169],[69.4033,42.4206],[69.3892,42.4134],[69.3906,42.3982],[69.3805,42.3831],[69.3642,42.377],[69.3257,42.3757],[69.3045,42.3645],[69.3191,42.349],[69.3033,42.3223],[69.3218,42.3098],[69.3502,42.3097]]]},"properties":{"osm_id":"relation/3389772","iso":"KZ-79","admin_level":4,"name_kk":"Шымкент","name_ru":"Шымкент","name_en":"Shymkent","kind":"city"}},
{"type":"Feature","geometry":{"type":"Polygon","coordinates":[[[81.5908,50.7435],[81.5288,50.7517],[81.4492,50.7561],[81.4606,50.8021],[81.4854,50.8238],[81.4716,50.8432],[81.4716,50.8624],[81.4354,50.8632],[81.4212,50.8818],[81.4427,50.8919],[81.4351,50.93],[81.4138,50.9304],[81.4132,50.9756],[81.2881,50.9741],[81.2645,50.962],[81.2318,50.963],[81.1914,50.9512],[81.1792,50.9575],[81.1546,50.9506],[81.0604,50.9477],[81.0959,51.0314],[81.1016,51.061],[81.1397,51.0797],[81.1546,51.0996],[81.177,51.1617],[81.1665,51.1849],[81.1463,51.2112],[81.1152,51.2115],[81.1013,51.1798],[81.0469,51.1812],[81.0459,51.1892],[80.9193,51.2191],[80.9409,51.26],[80.909,51.2584],[80.8535,51.2764],[80.764,51.2939],[80.6773,51.316],[80.6343,51.2634],[80.6342,51.2072],[80.5625,51.2073],[80.4918,51.2043],[80.4471,51.2069],[80.4369,51.1772],[80.4381,51.1192],[80.4551,51.1095],[80.482,51.1096],[80.4826,50.9696],[80.4409,50.9606],[80.4211,50.962],[80.3757,50.9272],[80.3255,50.9278],[80.3252,50.9184],[80.2471,50.9191],[80.2468,50.8989],[80.1936,50.9002],[80.1925,50.8535],[80.1863,50.828],[80.0843,50.8296],[80.0841,50.8531],[80.0629,50.8465],[80.0669,50.7925],[80.0757,50.7384],[79.899,50.977],[79.7205,51.2172],[79.6089,51.3651],[79.4743,51.544],[79.3475,51.7088],[79.2543,51.6996],[79.2322,51.6822],[79.2492,51.6518],[79.2392,51.6412],[79.1995,51.6187],[79.1109,51.5961],[79.0613,51.587],[79.1028,51.5244],[78.9841,51.4493],[78.9178,51.458],[78.8416,51.4539],[78.8385,51.4494],[78.7421,51.4471],[78.7481,51.3814],[78.7835,51.3733],[78.7847,51.2982],[78.6983,51.3115],[78.689,51.2954],[78.6409,51.2908],[78.6353,51.2746],[78.5966,51.2564],[78.5421,51.2376],[78.5061,51.2351],[78.4179,51.2195],[78.3907,51.219],[78.3401,51.2448],[78.3103,51.2116],[78.2444,51.1888],[78.1943,51.1855],[78.1555,51.1722],[78.0986,51.1464],[78.089,51.1383],[78.1377,51.1186],[78.13,51.1039],[78.0976,51.0979],[78.0779,51.0834],[78.0877,51.0735],[78.1157,51.0729],[78.1346,51.0572],[78.1237,51.0358],[78.136,51.025],[78.1793,51.0242],[78.1932,51.0042],[78.2013,50.965],[78.228,50.9542],[78.242,50.9395],[78.2476,50.9171],[78.2801,50.8757],[78.3459,50.8742],[78.3647,50.8547],[78.4118,50.8422],[78.4579,50.8406],[78.4785,50.7995],[78.4515,50.7692],[78.458,50.7364],[78.5237,50.681],[78.6114,50.6861],[78.6873,50.699],[78.6836,50.6446],[78.6882,50.6289],[78.6724,50.5883],[78.6846,50.516],[78.6762,50.4814],[78.6767,50.4576],[78.7015,50.4495],[78.7707,50.4397],[78.7782,50.3673],[78.7883,50.3109],[78.7376,50.2573],[78.7108,50.2129],[78.6189,50.1036],[78.5869,50.0825],[78.474,50.0424],[78.3933,50.0371],[78.1876,50.0831],[78.0302,50.1263],[77.8031,50.1922],[77.7556,50.2353],[77.6972,50.2219],[77.7023,50.204],[77.6785,50.1607],[77.511,50.0711],[77.4761,50.0507],[77.4458,50.0213],[77.4177,50.016],[77.3449,49.9938],[77.277,49.9703],[77.2318,49.9432],[77.1889,49.943],[77.1658,49.9287],[77.1464,49.8782],[77.1619,49.8619],[77.1511,49.8178],[77.1454,49.7721],[77.1826,49.7566],[77.177,49.7061],[77.167,49.6834],[77.1048,49.6156],[77.0888,49.6039],[77.0404,49.5528],[76.8233,49.5057],[76.7768,49.5113],[76.5832,49.4583],[76.5608,49.4226],[76.5648,49.4053],[76.5823,49.3942],[76.5895,49.3659],[76.6123,49.34],[76.6242,49.3006],[76.7038,49.284],[76.733,49.2662],[76.8197,49.2244],[76.843,49.1949],[76.8392,49.166],[76.8462,49.1422],[76.8796,49.13],[76.9058,49.1299],[76.9373,49.1206],[76.9524,49.1079],[76.9867,49.0985],[77.0232,49.0493],[76.9611,49.0212],[76.9249,49.0335],[76.8338,49.0134],[76.8366,48.9455],[76.851,48.8904],[76.8346,48.8696],[76.833,48.8484],[76.8839,48.8141],[76.8906,48.82],[77.1317,48.8424],[77.2894,48.8545],[77.3144,48.7819],[77.3316,48.7419],[77.3164,48.738],[77.3084,48.7046],[77.3176,48.6785],[77.3045,48.6641],[77.3033,48.6392],[77.3166,48.6299],[77.1575,48.4908],[76.986,48.4991],[76.9601,48.5022],[76.9041,48.4828],[76.8969,48.4672],[76.9006,48.427],[76.8904,48.4117],[76.8683,48.4041],[76.8217,48.403],[76.8401,48.3672],[76.8783,48.3481],[76.9355,48.3266],[76.9811,48.2878],[77.0356,48.2733],[77.1008,48.2766],[77.1622,48.273],[77.1459,48.2411],[77.1133,48.2371],[77.0601,48.2371],[77.0444,48.1988],[77.0644,48.1725],[77.1635,48.1033],[77.2282,48.1063],[77.2922,48.0976],[77.3374,48.0686],[77.1686,48.0171],[77.194,47.9587],[77.1405,47.9367],[77.1233,47.8694],[77.1148,47.8501],[77.0575,47.8502],[77.0106,47.742],[77.002,47.7169],[76.9772,47.6727],[76.9775,47.6424],[77.0187,47.5627],[77.0292,47.4977],[77.0536,47.3957],[76.9627,47.4183],[76.8682,47.4156],[76.8666,47.3702],[76.8333,47.2667],[76.7792,47.241],[76.8312,47.2228],[76.8805,47.1724],[77.1257,47.0788],[77.1702,47.0754],[77.2302,47.1708],[77.2917,47.1825],[77.3279,47.1623],[77.3907,47.1475],[77.4658,47.1591],[77.528,47.1945],[77.6002,47.2022],[77.6651,47.1936],[77.7298,47.1752],[77.7979,47.1742],[77.8535,47.2191],[77.9388,47.2549],[77.9714,47.2288],[78.0131,47.1824],[78.0752,47.1685],[78.1251,47.219],[78.1568,47.2463],[78.2062,47.2814],[78.2477,47.2843],[78.2848,47.2514],[78.3889,47.1997],[78.4844,47.1692],[78.483,47.1581],[78.6123,47.1291],[78.6552,47.1284],[78.6916,47.0554],[78.7708,47.0508],[79.1386,47.0845],[79.2586,46.9758],[79.2902,46.9457],[79.4473,46.8262],[79.4704,46.7904],[79.5718,46.8003],[79.9159,46.8716],[80.0107,46.9134],[80.1551,46.8793],[80.191,46.8662],[80.1907,46.8362],[80.1982,46.8092],[80.2166,46.8045],[80.2372,46.7838],[80.591,46.667],[80.8632,46.5628],[81.1046,46.5656],[81.1423,46.5601],[81.2023,46.5128],[81.2553,46.4896],[81.2794,46.5069],[81.305,46.5148],[81.3274,46.493],[81.3395,46.4525],[81.3656,46.4594],[81.3737,46.4791],[81.412,46.5208],[81.4449,46.5205],[81.4026,46.4804],[81.3778,46.445],[81.3995,46.4342],[81.412,46.439],[81.4457,46.4728],[81.4693,46.4843],[81.4726,46.4954],[81.5548,46.4864],[81.5566,46.4574],[81.5127,46.4171],[81.5369,46.3658],[81.7599,46.1865],[81.8848,46.1037],[81.9617,45.9118],[81.978,45.8807],[82.0267,45.85],[82.063,45.8176],[82.0968,45.7787],[82.1244,45.7613],[82.1208,45.6481],[82.1396,45.6221],[82.154,45.5618],[82.2021,45.546],[82.28,45.5351],[82.2708,45.5505],[82.2588,45.6165],[82.2758,45.6321],[82.2846,45.6613],[82.2824,45.6834],[82.2881,45.7088],[82.3103,45.738],[82.3186,45.7641],[82.3451,45.7957],[82.3454,45.839],[82.33,45.8869],[82.3407,45.9081],[82.3357,45.9392],[82.3757,45.9641],[82.4265,45.9674],[82.4561,45.9772],[82.4811,46.0599],[82.5119,46.1546],[82.5634,46.2339],[82.608,46.2984],[82.6546,46.3774],[82.7249,46.4917],[82.7682,46.6038],[82.7821,46.6689],[82.7933,46.7005],[82.8295,46.7774],[82.8685,46.7991],[82.8692,46.83],[82.9145,46.9339],[82.9222,46.9403],[82.9324,46.972],[82.9296,46.9906],[82.9381,47.0161],[82.9654,47.0341],[82.969,47.049],[82.9931,47.0644],[83.0032,47.1018],[83.0181,47.1304],[83.0123,47.1472],[83.0281,47.162],[83.024,47.187],[83.0279,47.2068],[83.0516,47.2253],[83.0922,47.2238],[83.1302,47.2331],[83.156,47.2304],[83.1773,47.2574],[83.1727,47.2972],[83.1919,47.3917],[83.2096,47.3956],[83.2129,47.4145],[83.2307,47.4322],[83.2228,47.475],[83.1574,47.5308],[83.1318,47.5682],[83.1141,47.5845],[83.1413,47.5946],[83.1699,47.6157],[83.1569,47.6358],[83.0748,47.6416],[83.0793,47.6486],[83.0266,47.705],[82.9772,47.7831],[82.9742,47.8004],[82.9823,47.826],[82.9903,47.8824],[82.987,47.9096],[83.0036,47.9196],[82.972,47.938],[82.9904,47.9612],[83.217,48.0934],[83.43,48.2346],[83.4652,48.2381],[83.4659,48.2541],[83.4886,48.2609],[83.4827,48.2886],[83.5181,48.3176],[83.558,48.338],[83.5961,48.3483],[83.6197,48.3679],[83.6156,48.3909],[83.5589,48.4171],[83.4858,48.4379],[83.4377,48.4706],[83.4233,48.5039],[83.4214,48.5237],[83.3476,48.5276],[83.3232,48.5366],[83.3156,48.553],[83.2728,48.5633],[83.2151,48.5859],[83.1905,48.6284],[83.2066,48.6466],[83.1874,48.6758],[83.1547,48.6719],[83.1534,48.689],[83.1255,48.6839],[83.136,48.6545],[83.133,48.6361],[83.1155,48.6152],[83.0626,48.6275],[83.0383,48.6209],[83.014,48.6262],[83.0136,48.6448],[83.0608,48.6392],[83.0585,48.6567],[83.0405,48.659],[83.0233,48.6797],[83.0334,48.7037],[83.1002,48.7031],[83.1203,48.6897],[83.1704,48.6997],[83.1922,48.7178],[83.1688,48.7644],[83.0454,48.7562],[83.0306,48.7516],[82.9799,48.7672],[82.9836,48.7455],[82.979,48.7239],[82.961,48.7298],[82.9239,48.7298],[82.9445,48.7482],[82.9434,48.7631],[82.9117,48.7702],[82.9497,48.817],[82.8851,48.8297],[82.8859,48.8171],[82.872,48.782],[82.8973,48.7757],[82.8671,48.7442],[82.8329,48.7661],[82.797,48.768],[82.7981,48.7778],[82.8251,48.7957],[82.8217,48.8172],[82.8324,48.8262],[82.8117,48.8542],[82.8452,48.8432],[82.9212,48.9087],[82.9201,48.9452],[82.8546,48.9719],[82.814,48.974],[82.7675,48.9713],[82.7587,48.9888],[82.7091,49.0297],[82.7199,49.0365],[82.6982,49.0716],[82.7052,49.0998],[82.7039,49.1284],[82.6836,49.1552],[82.6794,49.1932],[82.6905,49.2214],[82.6691,49.2272],[82.6582,49.2114],[82.6382,49.2109],[82.5992,49.2451],[82.6103,49.2538],[82.5228,49.3316],[82.4307,49.3392],[82.3999,49.3026],[82.3621,49.3417],[82.3017,49.3754],[82.3009,49.3852],[82.2489,49.3906],[82.2453,49.3773],[82.1692,49.3885],[82.1182,49.3992],[82.0927,49.4096],[82.1014,49.4365],[82.0718,49.4342],[82.0585,49.4516],[82.0645,49.4734],[82.0818,49.4942],[82.082,49.5142],[82.0487,49.514],[82.0206,49.5297],[82.009,49.5576],[81.9768,49.5718],[81.9127,49.5818],[81.9104,49.6011],[81.8579,49.6212],[81.8092,49.6218],[81.8149,49.6573],[81.7913,49.658],[81.7674,49.6839],[81.7297,49.7017],[81.7546,49.7351],[81.7538,49.7483],[81.7174,49.763],[81.7114,49.7379],[81.6754,49.7225],[81.658,49.7265],[81.6378,49.744],[81.6466,49.7685],[81.6909,49.7831],[81.7025,49.8187],[81.6966,49.8305],[81.6966,49.865],[81.6753,49.8823],[81.6419,49.877],[81.5689,49.882],[81.5608,49.8976],[81.57,49.9137],[81.5219,49.9132],[81.5019,49.9374],[81.4807,49.9483],[81.3721,49.9662],[81.3293,49.967],[81.3375,50.0088],[81.3267,50.0272],[81.3546,50.0567],[81.3659,50.0924],[81.3701,50.127],[81.2692,50.1318],[81.2259,50.1395],[81.1754,50.153],[81.1238,50.1623],[81.1125,50.227],[81.1557,50.2336],[81.1931,50.2538],[81.3245,50.2308],[81.3738,50.2369],[81.3493,50.3234],[81.3996,50.3197],[81.4779,50.3193],[81.5325,50.3034],[81.627,50.2688],[81.6562,50.2884],[81.6825,50.3152],[81.6887,50.3605],[81.6904,50.408],[81.6692,50.4392],[81.6903,50.4555],[81.6932,50.483],[81.737,50.5047],[81.7156,50.5325],[81.6862,50.5443],[81.6783,50.5595],[81.6339,50.5687],[81.6327,50.584],[81.6646,50.5845],[81.6641,50.6479],[81.6341,50.6737],[81.634,50.6959],[81.585,50.7043],[81.5908,50.7435]]]},"properties":{"osm_id":"relation/14243026","iso":"KZ-10","admin_level":4,"name_kk":"Абай облысы","name_ru":"Абайская область","name_en":"Abay Region","kind":"region"}},
{"type":"Feature","geometry":{"type":"Polygon","coordinates":[[[80.5227,43.8221],[80.5247,43.8356],[80.5078,43.907],[80.4928,43.9151],[80.4729,43.9381],[80.4828,43.9567],[80.4626,43.9719],[80.4515,43.9889],[80.4493,44.0156],[80.4534,44.0443],[80.4454,44.0708],[80.3962,44.1101],[80.4027,44.1405],[80.3956,44.1943],[80.4065,44.2493],[80.4035,44.2907],[80.3914,44.3141],[80.3844,44.376],[80.3776,44.41],[80.3662,44.4409],[80.3503,44.4593],[80.3468,44.4826],[80.3706,44.5123],[80.3679,44.5253],[80.3801,44.5535],[80.3932,44.5676],[80.3909,44.5907],[80.4105,44.6088],[80.3967,44.6286],[80.3488,44.6673],[80.337,44.6892],[80.3112,44.7039],[80.2205,44.7292],[80.1922,44.7523],[80.1977,44.7606],[80.1762,44.7853],[80.1832,44.8235],[80.1671,44.8275],[80.1278,44.8231],[80.1142,44.8098],[80.0961,44.8136],[80.034,44.8041],[80.0063,44.7902],[79.9954,44.7921],[79.9996,44.816],[79.9447,44.85],[79.9533,44.882],[79.9322,44.8875],[79.9147,44.9007],[79.8886,44.9025],[79.882,44.9107],[79.9027,44.9245],[79.935,44.9329],[79.9557,44.9614],[80.013,44.9802],[80.0185,44.9903],[80.0567,45.0141],[80.0618,45.036],[80.118,45.0413],[80.1524,45.0527],[80.1679,45.0388],[80.2135,45.0233],[80.2403,45.0277],[80.2667,45.0536],[80.2934,45.0665],[80.3254,45.0696],[80.3449,45.0411],[80.3821,45.04],[80.4379,45.075],[80.4374,45.0972],[80.4889,45.1265],[80.509,45.1069],[80.5758,45.1102],[80.6009,45.1046],[80.6243,45.1178],[80.6552,45.1213],[80.6979,45.1335],[80.7048,45.1434],[80.7398,45.1617],[80.7726,45.1439],[80.787,45.1501],[80.8352,45.1396],[80.8495,45.1277],[80.8754,45.13],[80.8983,45.1251],[80.9296,45.1577],[80.9569,45.1676],[80.9966,45.1583],[81.0247,45.1635],[81.0554,45.1778],[81.0698,45.1723],[81.0835,45.1946],[81.1196,45.2152],[81.1558,45.2052],[81.1665,45.2243],[81.2035,45.2368],[81.2385,45.2406],[81.2819,45.2394],[81.3071,45.2541],[81.3821,45.2642],[81.4077,45.2805],[81.435,45.2795],[81.4518,45.2622],[81.4986,45.2813],[81.5215,45.2825],[81.5347,45.3059],[81.548,45.3015],[81.5743,45.3088],[81.5688,45.3253],[81.5921,45.3405],[81.6127,45.3419],[81.6324,45.3566],[81.6503,45.3505],[81.6783,45.3562],[81.6952,45.3692],[81.7137,45.3589],[81.7371,45.373],[81.7586,45.3722],[81.7741,45.3861],[81.8084,45.358],[81.8311,45.3274],[81.8301,45.3181],[81.8554,45.2952],[81.8787,45.2837],[81.922,45.2289],[81.9418,45.2362],[81.9782,45.2381],[82.0092,45.2336],[82.0391,45.2457],[82.0443,45.2542],[82.088,45.2429],[82.0818,45.2229],[82.1001,45.2023],[82.1512,45.2218],[82.2331,45.235],[82.2574,45.2339],[82.2677,45.2413],[82.3061,45.2346],[82.3407,45.2091],[82.3626,45.2011],[82.4282,45.1877],[82.4558,45.1873],[82.4749,45.177],[82.5601,45.2035],[82.582,45.2215],[82.5877,45.3447],[82.5428,45.421],[82.4377,45.4597],[82.28,45.5351],[82.2021,45.546],[82.154,45.5618],[82.1396,45.6221],[82.1208,45.6481],[82.1244,45.7613],[82.0968,45.7787],[82.063,45.8176],[82.0267,45.85],[81.978,45.8807],[81.9617,45.9118],[81.8848,46.1037],[81.7599,46.1865],[81.5369,46.3658],[81.5127,46.4171],[81.5566,46.4574],[81.5548,46.4864],[81.4726,46.4954],[81.4693,46.4843],[81.4457,46.4728],[81.412,46.439],[81.3995,46.4342],[81.3778,46.445],[81.4026,46.4804],[81.4449,46.5205],[81.412,46.5208],[81.3737,46.4791],[81.3656,46.4594],[81.3395,46.4525],[81.3274,46.493],[81.305,46.5148],[81.2794,46.5069],[81.2553,46.4896],[81.2023,46.5128],[81.1423,46.5601],[81.1046,46.5656],[80.8632,46.5628],[80.591,46.667],[80.2372,46.7838],[80.2166,46.8045],[80.1982,46.8092],[80.1907,46.8362],[80.191,46.8662],[80.1551,46.8793],[80.0107,46.9134],[79.9159,46.8716],[79.5718,46.8003],[79.4704,46.7904],[79.4473,46.8262],[79.2902,46.9457],[79.2586,46.9758],[79.1386,47.0845],[78.7708,47.0508],[78.6916,47.0554],[78.6552,47.1284],[78.6123,47.1291],[78.483,47.1581],[78.4844,47.1692],[78.3889,47.1997],[78.2848,47.2514],[78.2477,47.2843],[78.2062,47.2814],[78.1568,47.2463],[78.1251,47.219],[78.0752,47.1685],[78.0131,47.1824],[77.9714,47.2288],[77.9388,47.2549],[77.8535,47.2191],[77.7979,47.1742],[77.7298,47.1752],[77.6651,47.1936],[77.6002,47.2022],[77.528,47.1945],[77.4658,47.1591],[77.5498,46.6437],[77.5556,46.6212],[77.3967,46.6077],[77.3385,46.6134],[77.2824,46.5848],[77.2635,46.5428],[77.1517,46.5438],[77.1069,46.546],[77.106,46.5697],[77.0725,46.6228],[77.004,46.6466],[76.9771,46.6331],[76.9748,46.6203],[76.942,46.6174],[76.9187,46.6258],[76.8785,46.6322],[76.8331,46.678],[76.82,46.6711],[76.8706,46.6221],[76.8931,46.6159],[76.9466,46.5519],[76.9319,46.5383],[76.8386,46.585],[76.7007,46.6275],[76.697,46.6469],[76.6046,46.6656],[76.5252,46.6426],[76.5272,46.6189],[76.5377,46.5934],[76.4814,46.6271],[76.4335,46.6434],[76.3897,46.6155],[76.3774,46.6221],[76.3852,46.6488],[76.3674,46.6911],[76.3169,46.6548],[76.2252,46.6385],[76.217,46.562],[76.2303,46.5171],[76.2338,46.4783],[76.1808,46.4526],[76.1962,45.7317],[76.1717,45.6835],[76.1835,45.6228],[76.2654,45.4539],[76.3964,45.3855],[76.4839,45.2932],[76.482,45.2607],[76.526,45.1901],[76.5456,45.0817],[76.5571,45.0775],[76.5684,45.0348],[76.61,45.0389],[76.6465,45.0227],[76.7292,45.0276],[76.8202,44.9586],[76.8782,44.88],[76.8376,44.8477],[76.8466,44.7545],[76.8958,44.6797],[76.9143,44.6607],[76.9148,44.6384],[76.9268,44.6298],[76.921,44.6131],[76.9357,44.6069],[76.9421,44.5834],[76.9332,44.5711],[77.0644,44.4976],[77.1113,44.4643],[77.1781,44.4458],[77.1751,44.3911],[77.1798,44.3728],[77.2092,44.3441],[77.2681,44.351],[77.3786,44.338],[77.3707,44.3044],[77.3907,44.2748],[77.3882,44.266],[77.3384,44.2165],[77.3593,44.2038],[77.3521,44.1577],[77.4648,44.1219],[77.5044,44.1072],[77.5679,44.0914],[77.6079,44.0725],[77.6158,44.0364],[77.7275,44.0688],[77.8095,44.0253],[77.8372,44.0151],[77.8238,43.986],[77.7884,43.9544],[77.7779,43.9235],[77.8286,43.9173],[77.8292,43.9029],[77.8508,43.8501],[77.887,43.8572],[77.9067,43.8751],[77.9313,43.8808],[77.9582,43.8712],[78.0142,43.8664],[78.0393,43.8703],[78.062,43.8652],[78.1881,43.8815],[78.2155,43.8963],[78.2337,43.8976],[78.3206,43.8905],[78.3416,43.8796],[78.3695,43.8746],[78.3949,43.8774],[78.4119,43.866],[78.4907,43.8489],[78.4994,43.8392],[78.5371,43.85],[78.6295,43.8237],[78.6554,43.835],[78.7114,43.8342],[78.7551,43.8472],[78.7716,43.8426],[78.8013,43.8457],[78.8277,43.8378],[78.8548,43.8516],[78.9175,43.846],[78.971,43.8481],[79.0057,43.853],[79.0249,43.8333],[79.0482,43.8335],[79.0572,43.8437],[79.0797,43.8424],[79.0904,43.8327],[79.1432,43.8313],[79.1653,43.8444],[79.1937,43.8489],[79.2144,43.8694],[79.2535,43.8621],[79.2911,43.9012],[79.3331,43.9087],[79.3628,43.9069],[79.3938,43.9166],[79.4025,43.9274],[79.4258,43.9342],[79.4546,43.9537],[79.4888,43.9506],[79.5057,43.9554],[79.5175,43.9751],[79.5633,43.9787],[79.664,43.9463],[79.678,43.9321],[79.7241,43.9276],[79.7289,43.8965],[79.7468,43.8926],[79.7827,43.8658],[79.8268,43.8574],[79.8402,43.8369],[79.8803,43.8234],[79.9121,43.8305],[79.9272,43.8206],[79.9128,43.8091],[79.9239,43.7987],[79.9474,43.806],[79.9521,43.82],[79.985,43.8101],[80.0391,43.8099],[80.0444,43.7933],[80.0678,43.8036],[80.0774,43.7907],[80.1092,43.8014],[80.1349,43.7839],[80.1734,43.8042],[80.1874,43.7967],[80.1924,43.7631],[80.2209,43.7746],[80.2282,43.7618],[80.2683,43.7576],[80.2894,43.7746],[80.3073,43.7637],[80.3305,43.7775],[80.384,43.7777],[80.3946,43.788],[80.4144,43.7863],[80.4177,43.8029],[80.4735,43.7943],[80.4791,43.7832],[80.5227,43.8221]]]},"properties":{"osm_id":"relation/14312169","iso":"KZ-33","admin_level":4,"name_kk":"Жетісу облысы","name_ru":"Жетысуская область","name_en":"Jetisu Region","kind":"region"}},
{"type":"Feature","geometry":{"type":"Polygon","coordinates":[[[62.9501,47.1908],[63.0183,47.1992],[63.4071,47.1135],[63.3706,47.0642],[63.213,47.0302],[63.3031,46.9715],[63.4473,46.9365],[63.5089,46.9289],[63.5338,46.9198],[63.7395,46.8301],[63.7608,46.8401],[63.8039,46.8308],[63.8486,46.8356],[64.03,46.7952],[64.1789,46.742],[64.4473,46.6889],[64.9418,46.5014],[65.1408,46.4765],[65.3726,46.3117],[65.5506,46.2361],[65.586,46.2127],[65.6982,46.2099],[65.8926,46.178],[66.0027,46.176],[66.0412,46.1802],[66.39,46.1625],[66.6769,46.1586],[66.9017,46.1725],[67.1368,46.1433],[67.1576,46.1265],[67.1438,46.1076],[67.1572,46.0889],[67.156,46.0667],[67.1826,46.0447],[67.1609,46.0307],[67.175,46.0005],[67.6523,46.0001],[68.2379,46.0003],[68.9978,45.9996],[69.0671,45.9999],[71.326,46.0073],[71.3119,46.222],[71.3297,46.3266],[71.285,46.504],[71.3468,46.7196],[71.3241,46.8873],[71.3092,47.1418],[71.3067,47.3952],[71.3617,47.5353],[71.3813,47.6562],[71.5767,47.5434],[71.7166,47.5191],[71.7871,47.7025],[71.8472,47.7023],[71.8833,47.7201],[71.8961,47.743],[71.9326,47.7586],[71.9456,47.7714],[71.9681,47.7784],[71.9997,47.7763],[72.0396,47.791],[72.0893,47.8005],[72.1226,47.7994],[72.0942,47.839],[72.0724,47.849],[72.0687,47.8715],[72.0417,47.9265],[72.0402,47.9413],[72.0178,47.9688],[71.9923,47.9805],[71.9919,47.998],[71.9734,48.0191],[71.9409,48.038],[71.9623,48.0646],[71.9701,48.1065],[71.9781,48.1269],[71.9665,48.1467],[71.964,48.171],[71.9215,48.2045],[71.909,48.2076],[71.8992,48.2301],[71.9074,48.2553],[71.8599,48.2911],[71.8635,48.2979],[71.8427,48.3212],[71.9539,48.3491],[72.0013,48.5003],[72.0117,48.6263],[72.0092,48.6715],[72.0023,48.6804],[72.0021,48.7126],[72.0368,48.7149],[72.0389,48.7344],[72.1095,48.7386],[72.1002,48.7917],[72.0686,48.8055],[72.061,48.8316],[72.1046,48.8316],[72.0966,48.9281],[72.0406,48.9249],[72.0127,48.9521],[71.9959,48.9518],[71.9854,48.969],[72.0205,49.0013],[71.9755,49.0271],[71.9422,49.0421],[71.9424,49.1697],[71.7642,49.1635],[71.6682,49.1645],[71.6289,49.1788],[71.6401,49.2375],[71.176,49.1937],[71.0045,49.1715],[70.9439,49.2228],[70.8185,49.2598],[70.7763,49.3095],[70.7702,49.3647],[70.7405,49.3763],[70.6476,49.3897],[70.5494,49.3909],[70.5546,49.1391],[70.5512,49.1264],[70.4965,48.9931],[70.4491,48.903],[70.4286,48.8577],[69.8753,48.7966],[69.8255,48.7988],[69.8179,48.7727],[69.7724,48.7169],[69.4238,48.6436],[69.2943,48.6884],[69.1554,48.798],[68.9047,48.7963],[68.7164,48.8661],[68.3629,49.1475],[67.9807,49.1786],[67.9434,49.1764],[67.9108,49.2082],[67.9306,49.309],[67.8836,49.4212],[67.791,49.5],[67.7372,49.5517],[67.6978,49.6345],[67.6753,49.6729],[67.6654,49.6981],[67.6209,49.6969],[67.547,49.727],[67.5484,49.764],[67.4722,49.8488],[67.4531,49.8616],[67.4384,49.882],[67.3991,49.9155],[67.3738,49.9382],[67.087,49.6905],[67.0417,49.6475],[66.9994,49.6308],[66.837,49.5787],[66.6514,49.4567],[66.5972,49.3244],[66.5422,49.2704],[66.4124,49.2415],[66.3,49.1573],[66.0731,48.9932],[65.815,48.9866],[65.7754,48.9822],[65.7533,48.8867],[65.7295,48.8748],[65.6738,48.8771],[65.632,48.8621],[65.4861,48.8283],[64.7458,48.9377],[64.698,48.6757],[64.4687,48.6747],[64.5307,48.5997],[64.4908,48.5655],[64.5453,48.5289],[64.5786,48.5108],[64.5218,48.5036],[64.2275,48.4618],[64.2828,48.3477],[64.056,48.1991],[64.0161,48.1703],[64.1201,48.0023],[64.2154,47.9241],[64.2772,47.8995],[64.0147,47.7032],[63.9659,47.6928],[63.8446,47.6382],[63.8334,47.6282],[63.5265,47.4808],[63.2255,47.3607],[63.2037,47.3333],[63.1457,47.2965],[62.9993,47.2198],[62.9501,47.1908]]]},"properties":{"osm_id":"relation/14312737","iso":"KZ-62","admin_level":4,"name_kk":"Ұлытау облысы","name_ru":"Улутауская область","name_en":"Ulytau Region","kind":"region"}}
]}